condition,y_true,y_score
low_light,1,0.60644245
low_light,0,0.54266524
low_light,0,0.0065930216
low_light,0,4.1727657e-07
low_light,1,0.584413
low_light,0,0.11535089
low_light,0,0.35260892
low_light,1,0.7025008
low_light,0,9.818223e-07
low_light,0,2.3423452e-06
low_light,1,0.94845724
low_light,1,0.678425
low_light,1,0.1904522
low_light,1,0.5702606
low_light,0,0.004072266
low_light,1,0.25667238
low_light,0,0.15002435
low_light,0,1.5447164e-05
low_light,0,0.31187135
low_light,0,2.0604473e-08
low_light,1,0.31440943
low_light,1,0.61741275
low_light,0,8.805772e-05
low_light,0,1.4660485e-06
low_light,1,0.24089241
low_light,1,0.6865352
low_light,1,0.006949528
low_light,0,0.016990317
low_light,1,0.66789395
low_light,0,0.013261433
low_light,0,2.1925592e-07
low_light,1,0.004247103
low_light,0,1.0926631e-06
low_light,0,3.360894e-09
low_light,1,0.0014840814
low_light,1,0.646894
low_light,1,0.117973715
low_light,0,0.8935496
low_light,0,1.8239574e-05
low_light,0,0.0123625975
low_light,0,1.3295451e-07
low_light,1,0.66163725
low_light,1,0.51213914
low_light,0,5.720548e-05
low_light,0,0.000108495056
low_light,1,0.81047106
low_light,1,0.7355205
low_light,1,0.2586238
low_light,0,0.0058472026
low_light,0,4.1104954e-08
low_light,0,9.244974e-06
low_light,1,0.4925704
low_light,1,0.35766736
low_light,0,4.510253e-08
low_light,0,3.4571542e-08
low_light,0,1.8415593e-08
low_light,0,0.18384081
low_light,1,0.91816556
low_light,0,1.9347496e-07
low_light,0,1.0501641e-07
low_light,1,0.60050774
low_light,0,0.1609275
low_light,1,0.50254774
low_light,1,0.36650082
low_light,1,0.20420413
low_light,1,0.99259967
low_light,0,5.1672515e-09
low_light,0,0.012846447
low_light,0,1.1015623e-07
low_light,0,0.04306947
low_light,1,0.71450615
low_light,0,4.7836164e-07
low_light,0,3.3960995e-07
low_light,1,0.9441223
low_light,1,0.778662
low_light,0,0.03704694
low_light,0,4.0368002e-07
low_light,0,0.49953857
low_light,0,0.33985758
low_light,0,4.02414e-05
low_light,1,0.7532547
low_light,0,7.113333e-08
low_light,1,0.17470485
low_light,1,0.5548053
low_light,0,0.1183304
low_light,1,0.8975157
low_light,1,0.83025396
low_light,1,0.0016908506
low_light,1,0.6777427
low_light,1,0.36961657
low_light,0,0.00022104829
low_light,0,9.938602e-06
low_light,0,0.0017907454
low_light,1,0.27899978
low_light,0,0.00085581216
low_light,1,0.3686555
low_light,0,1.5156631e-05
low_light,1,0.07539461
low_light,1,0.61177856
low_light,0,0.008739961
low_light,1,0.43930057
low_light,1,0.46766755
low_light,0,0.00062749366
low_light,0,1.2842541e-05
low_light,1,0.98500353
low_light,1,0.047088593
low_light,0,9.0503454e-07
low_light,0,0.0008402197
low_light,0,0.0065959203
low_light,0,2.2861397e-05
low_light,0,0.0015071135
low_light,0,0.8338783
low_light,1,0.0011992205
low_light,1,0.70714325
low_light,1,0.02324409
low_light,0,0.00043207136
low_light,1,0.0020096449
low_light,0,9.604906e-07
low_light,1,0.31534016
low_light,1,0.4978302
low_light,0,1.2085558e-05
low_light,0,0.1778374
low_light,1,0.99921685
low_light,1,0.24500068
low_light,1,0.7042079
low_light,1,0.47852537
low_light,0,0.16207825
low_light,0,0.040301748
low_light,0,1.3450932e-06
low_light,1,0.52477145
low_light,1,0.20458488
low_light,1,0.074356124
low_light,1,0.1103688
low_light,0,0.93715656
low_light,0,5.721113e-06
low_light,0,2.5181122e-05
low_light,1,0.2048552
low_light,0,0.00024105483
low_light,0,3.0963122e-07
low_light,1,0.5285747
low_light,1,0.61077297
low_light,0,0.41107392
low_light,0,3.7823662e-07
low_light,1,0.738455
low_light,1,0.3133976
low_light,1,0.99356914
low_light,0,0.0037329262
low_light,0,0.14548373
low_light,0,4.2793124e-07
low_light,1,0.015800934
low_light,1,0.320785
low_light,0,1.06326084e-07
low_light,1,0.41616222
low_light,1,0.86676484
low_light,1,0.9810333
low_light,0,0.04767461
low_light,0,1.2156087e-07
low_light,1,0.7922487
low_light,0,0.00018995474
low_light,0,2.038174e-07
low_light,0,0.001540053
low_light,0,1.03856455e-05
low_light,0,4.5424505e-07
low_light,0,7.747725e-08
low_light,1,0.6597574
low_light,0,2.6682852e-05
low_light,1,0.2764486
low_light,1,0.8922818
low_light,1,0.9678716
low_light,0,3.3277746e-07
low_light,0,2.4943478e-07
low_light,1,0.20937715
low_light,1,0.8562578
low_light,1,0.29961595
low_light,1,0.9456338
low_light,1,0.0003476443
low_light,0,0.00032826242
low_light,0,0.030109735
low_light,0,0.00037844016
low_light,1,0.24731776
low_light,1,0.9864134
low_light,1,0.0018175762
low_light,1,0.9009917
low_light,1,0.3034438
low_light,1,0.6599288
low_light,0,0.010389022
low_light,1,0.62316144
low_light,0,0.00033382003
low_light,0,3.6877456e-05
low_light,1,0.17624022
low_light,1,0.77250725
low_light,1,0.7141924
low_light,1,0.21322617
low_light,1,0.009016162
low_light,1,0.695883
low_light,1,0.81092614
low_light,0,5.286821e-07
low_light,0,0.0067640143
low_light,1,0.6318875
low_light,0,2.1514945e-05
low_light,1,0.22763532
low_light,0,3.752964e-07
low_light,1,0.1857102
low_light,0,8.299522e-07
low_light,1,0.54287755
low_light,0,0.43760327
low_light,0,7.762699e-07
low_light,1,0.14951779
low_light,0,6.0050806e-06
low_light,1,0.4171275
low_light,0,1.2392584e-05
low_light,0,1.2916193e-07
low_light,1,0.45020348
low_light,0,7.8288216e-11
low_light,0,1.6429134e-08
low_light,1,0.6273315
low_light,0,0.0048355535
low_light,1,0.98494095
low_light,1,0.55318975
low_light,0,0.36057362
low_light,0,2.8908701e-08
low_light,0,0.0013349997
low_light,0,1.2589176e-05
low_light,1,0.5442606
low_light,1,0.13691406
low_light,0,0.52022964
low_light,0,0.0009024875
low_light,1,0.6495329
low_light,1,0.5049888
low_light,1,0.5820322
low_light,1,0.78015786
low_light,0,1.18626296e-07
low_light,0,0.046846576
low_light,0,0.00069576694
low_light,1,0.8128067
low_light,1,0.7109412
low_light,1,0.9748717
low_light,0,9.83374e-09
low_light,0,0.0013930292
low_light,1,0.9241271
low_light,1,0.53518724
low_light,1,0.39345288
low_light,1,0.48505703
low_light,0,3.9605416e-07
low_light,0,0.001541567
low_light,1,0.36261144
low_light,1,0.69656277
low_light,0,2.6875128e-05
low_light,0,2.0789137e-06
low_light,0,0.00023404564
low_light,1,0.55121815
low_light,0,0.00010471767
low_light,0,2.7739818e-06
low_light,0,5.361271e-05
low_light,0,0.16689724
low_light,1,0.5519407
low_light,0,3.6841597e-05
low_light,1,0.6644226
low_light,0,2.3234998e-08
low_light,1,0.6633762
low_light,1,0.7166598
low_light,0,6.245614e-05
low_light,0,0.28745207
low_light,1,0.7555345
low_light,0,6.792195e-10
low_light,1,0.22280803
low_light,1,0.29209945
low_light,0,8.5525004e-05
low_light,0,1.7324534e-06
low_light,1,0.44210643
low_light,0,0.42848033
low_light,0,0.0006109005
low_light,0,2.8986284e-07
low_light,0,0.001905967
low_light,0,1.2677524e-05
low_light,1,0.94200337
low_light,0,5.346292e-06
low_light,0,0.10487942
low_light,1,0.8629792
low_light,0,2.8377384e-05
low_light,0,0.16002193
low_light,1,0.7382529
low_light,0,0.054919038
low_light,0,0.00057073304
low_light,1,0.012446598
low_light,0,1.5421568e-07
low_light,0,5.846862e-07
low_light,1,0.38857868
low_light,1,0.7564366
low_light,1,0.09114656
low_light,0,3.7020097e-08
low_light,1,0.35014746
low_light,0,1.7817601e-07
low_light,0,0.34684318
low_light,0,0.00686286
low_light,1,0.5298159
low_light,1,0.694731
low_light,1,0.31431007
low_light,1,0.8016766
low_light,0,0.15584116
low_light,1,0.568094
low_light,1,0.4017985
low_light,0,2.8120147e-07
low_light,1,0.424723
low_light,0,0.12012138
low_light,0,5.143279e-09
low_light,0,0.0092970785
low_light,0,0.4252963
low_light,1,0.07301509
low_light,1,0.45924398
low_light,1,0.5395018
low_light,0,1.4820478e-08
low_light,0,0.87805116
low_light,1,0.37666532
low_light,1,0.4737325
low_light,0,0.5799831
low_light,0,0.059620976
low_light,0,0.00014041127
low_light,1,0.02136792
low_light,1,0.7281475
low_light,1,0.31468108
low_light,0,7.0578476e-06
low_light,1,0.70730376
low_light,1,0.097194105
low_light,0,0.2255736
low_light,1,0.36723378
low_light,0,0.000267085
low_light,0,1.6619456e-06
low_light,0,1.6515807e-05
low_light,1,0.021983992
low_light,1,0.28828916
low_light,0,8.498666e-07
low_light,0,5.002264e-06
low_light,0,1.2687067e-05
low_light,1,0.18666127
low_light,1,0.1578778
low_light,1,0.5335349
low_light,1,0.23785993
low_light,0,1.3468339e-06
low_light,0,0.00016318845
low_light,0,8.655036e-09
low_light,0,9.2669916e-07
low_light,0,0.00025753625
low_light,0,0.20266774
low_light,0,0.07124395
low_light,1,0.8413974
low_light,1,0.68433905
low_light,0,8.393645e-06
low_light,0,1.9969399e-08
low_light,1,0.000110774046
low_light,1,0.0010747602
low_light,1,0.30300868
low_light,0,2.4884437e-05
low_light,1,0.60578674
low_light,0,3.229376e-07
low_light,1,0.99950325
low_light,0,1.6510122e-06
low_light,1,0.4285946
low_light,1,0.2043935
low_light,0,7.3281377e-09
low_light,1,0.0046496405
low_light,0,1.6728715e-06
low_light,0,5.4658585e-07
low_light,1,0.65583265
low_light,1,0.5353128
low_light,1,0.9816435
low_light,1,0.9146228
low_light,0,0.00025476437
low_light,1,0.006174049
low_light,0,0.662783
low_light,0,0.0005629676
low_light,1,0.07642341
low_light,0,3.8433515e-07
low_light,1,0.0002473128
low_light,0,2.0900663e-08
low_light,1,0.2759855
low_light,0,3.0282112e-07
low_light,1,0.654009
low_light,1,0.115285896
low_light,1,0.17784019
low_light,0,0.0001863885
low_light,1,0.41738063
low_light,0,0.05361702
low_light,0,0.002161172
low_light,1,0.5741962
low_light,1,0.2182389
low_light,1,0.21407744
low_light,1,0.27686036
low_light,1,0.25541276
low_light,1,0.67727745
low_light,0,5.3948437e-08
low_light,0,0.11072399
low_light,1,0.97632295
low_light,0,1.1342065e-05
low_light,1,0.8004727
low_light,1,0.5921192
low_light,0,0.23311345
low_light,1,0.0001247567
low_light,0,0.10224751
low_light,0,6.97471e-06
low_light,0,1.6855164e-07
low_light,1,0.22842677
low_light,0,1.3323072e-05
low_light,1,0.2623881
low_light,0,4.8911173e-09
low_light,1,0.98152435
low_light,0,4.0309604e-07
low_light,0,8.224997e-05
low_light,1,0.999438
low_light,0,0.0031773793
low_light,1,0.45263478
low_light,0,0.017331226
low_light,1,0.2424673
low_light,1,0.27201712
low_light,0,2.954398e-07
low_light,0,0.14272332
low_light,1,0.24718556
low_light,1,0.6787392
low_light,1,0.7590758
low_light,0,3.545183e-07
low_light,1,0.030584015
low_light,1,0.96553946
low_light,0,0.016667157
low_light,1,0.04751521
low_light,0,0.0030740732
low_light,0,6.615317e-10
low_light,0,1.4580767e-05
low_light,1,0.20251574
low_light,1,0.84857684
low_light,0,0.0010350784
low_light,0,8.98156e-07
low_light,1,0.004947929
low_light,1,0.0066950377
low_light,1,0.7490745
low_light,1,0.6477806
low_light,1,0.48533985
low_light,1,0.19905671
low_light,0,4.2684887e-06
low_light,0,0.46110523
low_light,0,0.0023005162
low_light,0,9.945037e-07
low_light,1,0.5052872
low_light,1,0.50173724
low_light,1,0.24199773
low_light,0,5.555811e-10
low_light,1,0.0010444929
low_light,1,0.8198789
low_light,1,0.5220362
low_light,0,0.0003751567
low_light,0,2.2929726e-08
low_light,1,0.0015903875
low_light,0,3.9753225e-08
low_light,0,0.10342432
low_light,1,0.32966104
low_light,1,0.24672519
low_light,0,4.5566226e-09
low_light,1,0.37080285
low_light,1,0.89680123
low_light,0,0.00076381624
low_light,0,2.575567e-07
low_light,0,0.031959597
low_light,0,2.795477e-07
low_light,1,0.9498924
low_light,1,0.6338766
low_light,1,0.6800387
low_light,1,0.1451568
low_light,1,0.00045361338
low_light,0,0.49163702
low_light,1,0.1687738
low_light,0,1.5017787e-05
low_light,1,0.19163653
low_light,1,0.44912407
low_light,1,0.77914584
low_light,0,6.0818606e-06
low_light,1,0.980266
low_light,1,0.22052935
low_light,1,0.28606611
low_light,0,1.7926004e-05
low_light,1,0.5767115
low_light,0,0.25466388
low_light,0,0.00017239476
low_light,1,0.21978816
low_light,0,0.00047922187
low_light,0,0.28011855
low_light,0,0.0028525696
low_light,0,2.4897585e-07
low_light,0,1.7803647e-08
low_light,1,0.20235172
low_light,1,0.60256207
low_light,1,0.35193813
low_light,0,5.381657e-07
low_light,1,0.4703563
low_light,1,0.17669882
low_light,0,9.374583e-09
low_light,1,0.5782253
low_light,0,0.8146871
low_light,0,0.13970949
low_light,0,9.044956e-08
low_light,0,0.000107973334
low_light,1,0.4750343
overexposure,1,0.9731493
overexposure,0,0.037966765
overexposure,0,9.675537e-05
overexposure,0,0.00018952903
overexposure,1,0.19778568
overexposure,0,0.85459185
overexposure,0,0.0375401
overexposure,1,0.6332173
overexposure,0,3.8231046e-05
overexposure,0,1.2474707e-07
overexposure,1,0.08621372
overexposure,1,0.56871367
overexposure,1,0.8908274
overexposure,1,0.8079081
overexposure,0,0.00021201589
overexposure,1,0.79224503
overexposure,0,5.773765e-05
overexposure,0,0.00021601141
overexposure,0,0.13413914
overexposure,0,1.2363678e-10
overexposure,1,0.50197625
overexposure,1,0.88976014
overexposure,0,1.5842313e-06
overexposure,0,2.0305221e-07
overexposure,1,0.7383373
overexposure,1,0.60395193
overexposure,1,0.00079229363
overexposure,0,4.763102e-05
overexposure,1,0.5204241
overexposure,0,0.2885692
overexposure,0,5.4445344e-08
overexposure,1,0.97068214
overexposure,0,5.8879164e-07
overexposure,0,1.9764308e-13
overexposure,1,0.3313929
overexposure,1,0.8461812
overexposure,1,0.84236646
overexposure,0,0.011734228
overexposure,0,0.00011190367
overexposure,0,5.082959e-05
overexposure,0,8.07497e-09
overexposure,1,0.8199726
overexposure,1,0.8768666
overexposure,0,2.0993968e-05
overexposure,0,3.4056058e-07
overexposure,1,0.30238414
overexposure,1,0.4454572
overexposure,1,0.7993431
overexposure,0,2.0190999e-08
overexposure,0,1.3974637e-09
overexposure,0,0.0005645127
overexposure,1,0.5068321
overexposure,1,0.19109575
overexposure,0,5.1554183e-09
overexposure,0,6.2213915e-11
overexposure,0,9.115879e-08
overexposure,0,0.043228444
overexposure,1,0.6768837
overexposure,0,1.8428423e-07
overexposure,0,7.45183e-07
overexposure,1,0.69589055
overexposure,0,0.0005447626
overexposure,1,0.26099643
overexposure,1,0.3772444
overexposure,1,0.7107956
overexposure,1,0.45394605
overexposure,0,1.7706742e-10
overexposure,0,0.0009853626
overexposure,0,1.5258184e-08
overexposure,0,0.0003949928
overexposure,1,0.33842996
overexposure,0,1.2990453e-06
overexposure,0,2.3097051e-08
overexposure,1,0.46640453
overexposure,1,0.8586042
overexposure,0,0.00012313975
overexposure,0,5.1837793e-05
overexposure,0,0.02727035
overexposure,0,0.0036975138
overexposure,0,1.5677992e-06
overexposure,1,0.074751236
overexposure,0,7.773745e-07
overexposure,1,0.826838
overexposure,1,0.33759955
overexposure,0,0.00067359005
overexposure,1,0.68043005
overexposure,1,0.9753887
overexposure,1,0.046417426
overexposure,1,0.22333102
overexposure,1,0.61908937
overexposure,0,0.00070646324
overexposure,0,0.0004383169
overexposure,0,3.7990766e-09
overexposure,1,0.46159774
overexposure,0,3.1901248e-09
overexposure,1,0.88280016
overexposure,0,0.0003455158
overexposure,1,0.7863642
overexposure,1,0.7126967
overexposure,0,5.1464336e-05
overexposure,1,0.5074596
overexposure,1,0.5742314
overexposure,0,0.00026163022
overexposure,0,8.056269e-05
overexposure,1,0.9900351
overexposure,1,0.07542726
overexposure,0,2.1508752e-07
overexposure,0,1.7032393e-07
overexposure,0,0.00033034576
overexposure,0,4.6256202e-05
overexposure,0,0.0006831894
overexposure,0,0.031552285
overexposure,1,0.12772346
overexposure,1,0.119270675
overexposure,1,0.012229375
overexposure,0,2.8136053e-06
overexposure,1,0.9736395
overexposure,0,6.759263e-07
overexposure,1,0.8569471
overexposure,1,0.89856696
overexposure,0,2.07866e-06
overexposure,0,5.3451706e-05
overexposure,1,0.9763884
overexposure,1,0.7504165
overexposure,1,0.8795928
overexposure,1,0.84255075
overexposure,0,0.033293746
overexposure,0,0.0005835676
overexposure,0,6.0458653e-05
overexposure,1,0.78662753
overexposure,1,0.7758978
overexposure,1,0.17933269
overexposure,1,0.10953306
overexposure,0,0.2879731
overexposure,0,6.236807e-09
overexposure,0,3.1882905e-07
overexposure,1,0.7869282
overexposure,0,2.7855453e-06
overexposure,0,8.949419e-09
overexposure,1,0.25282595
overexposure,1,0.08190049
overexposure,0,0.034020185
overexposure,0,7.930092e-09
overexposure,1,0.73642373
overexposure,1,0.437923
overexposure,1,0.7036334
overexposure,0,0.0014783908
overexposure,0,7.048067e-05
overexposure,0,9.103343e-10
overexposure,1,0.23307379
overexposure,1,0.73754543
overexposure,0,1.7851038e-09
overexposure,1,0.66209936
overexposure,1,0.45952347
overexposure,1,0.34673503
overexposure,0,0.00043163396
overexposure,0,1.1436039e-10
overexposure,1,0.477972
overexposure,0,4.676065e-05
overexposure,0,4.1773505e-09
overexposure,0,1.6234933e-09
overexposure,0,3.4383094e-05
overexposure,0,1.638722e-09
overexposure,0,3.6263768e-09
overexposure,1,0.27342975
overexposure,0,5.704652e-05
overexposure,1,0.5432323
overexposure,1,0.8981173
overexposure,1,0.8131753
overexposure,0,7.511665e-07
overexposure,0,1.5202226e-09
overexposure,1,0.7461852
overexposure,1,0.3807921
overexposure,1,0.7066821
overexposure,1,0.8150308
overexposure,1,2.0689535e-05
overexposure,0,8.180957e-10
overexposure,0,0.15898651
overexposure,0,7.713853e-07
overexposure,1,0.7897601
overexposure,1,0.62508315
overexposure,1,0.00032044522
overexposure,1,0.80105865
overexposure,1,0.6748213
overexposure,1,0.13758826
overexposure,0,0.00027622396
overexposure,1,0.27744
overexposure,0,3.733124e-06
overexposure,0,8.0723105e-08
overexposure,1,0.6926456
overexposure,1,0.7895333
overexposure,1,0.7033564
overexposure,1,0.43414664
overexposure,1,0.24644598
overexposure,1,0.9720242
overexposure,1,0.6774359
overexposure,0,8.4487925e-05
overexposure,0,1.2101415e-05
overexposure,1,0.5247387
overexposure,0,0.00021839964
overexposure,1,0.6825342
overexposure,0,9.35299e-09
overexposure,1,0.07475485
overexposure,0,0.005653094
overexposure,1,0.09227211
overexposure,0,0.0019483727
overexposure,0,2.3043489e-05
overexposure,1,0.7695774
overexposure,0,8.180259e-06
overexposure,1,0.35175243
overexposure,0,0.0003692118
overexposure,0,1.2077816e-08
overexposure,1,0.64654803
overexposure,0,1.9796777e-11
overexposure,0,2.2066528e-12
overexposure,1,0.22172214
overexposure,0,2.0229352e-06
overexposure,1,0.969245
overexposure,1,0.045595825
overexposure,0,0.16699427
overexposure,0,1.4550153e-09
overexposure,0,7.42381e-05
overexposure,0,9.921991e-08
overexposure,1,0.14964831
overexposure,1,0.23261204
overexposure,0,0.042527784
overexposure,0,5.0718625e-09
overexposure,1,0.57201684
overexposure,1,0.10212796
overexposure,1,0.1280772
overexposure,1,0.66086435
overexposure,0,1.6181808e-07
overexposure,0,1.3419206e-05
overexposure,0,6.403085e-10
overexposure,1,0.52994335
overexposure,1,0.13469455
overexposure,1,0.9949531
overexposure,0,3.0257854e-05
overexposure,0,2.312163e-07
overexposure,1,0.30547032
overexposure,1,0.20191906
overexposure,1,0.21390067
overexposure,1,0.28053972
overexposure,0,1.0904699e-08
overexposure,0,0.0001358744
overexposure,1,0.7140914
overexposure,1,0.23853312
overexposure,0,7.3432057e-06
overexposure,0,5.5795346e-07
overexposure,0,0.00020144988
overexposure,1,0.5893407
overexposure,0,0.0006131542
overexposure,0,2.2176279e-08
overexposure,0,1.0751006e-08
overexposure,0,0.014706854
overexposure,1,0.7337866
overexposure,0,1.5369352e-08
overexposure,1,0.26926765
overexposure,0,2.8358967e-08
overexposure,1,0.19122566
overexposure,1,0.34618485
overexposure,0,2.2980812e-06
overexposure,0,0.09493613
overexposure,1,0.8053971
overexposure,0,1.6080037e-10
overexposure,1,0.73365974
overexposure,1,0.4809542
overexposure,0,1.7871113e-08
overexposure,0,1.362859e-07
overexposure,1,0.6135428
overexposure,0,0.0028824364
overexposure,0,2.2507238e-09
overexposure,0,1.29605215e-08
overexposure,0,7.135518e-10
overexposure,0,0.00022488889
overexposure,1,0.99212104
overexposure,0,0.00054749387
overexposure,0,0.0016317485
overexposure,1,0.9955971
overexposure,0,6.748447e-09
overexposure,0,7.1851624e-05
overexposure,1,0.95632315
overexposure,0,9.0431524e-05
overexposure,0,0.0003162162
overexposure,1,0.00989371
overexposure,0,4.267247e-09
overexposure,0,1.8895712e-09
overexposure,1,0.86833274
overexposure,1,0.76466405
overexposure,1,0.2529167
overexposure,0,8.993988e-07
overexposure,1,0.55370873
overexposure,0,7.087788e-09
overexposure,0,0.09103614
overexposure,0,4.2698906e-05
overexposure,1,0.030320339
overexposure,1,0.14966382
overexposure,1,0.5228585
overexposure,1,0.49159724
overexposure,0,0.00064877106
overexposure,1,0.34764272
overexposure,1,0.71516544
overexposure,0,2.285518e-09
overexposure,1,0.6774007
overexposure,0,0.00011141049
overexposure,0,1.3974797e-09
overexposure,0,0.072838135
overexposure,0,0.0016344017
overexposure,1,0.06123677
overexposure,1,0.7435101
overexposure,1,0.10619733
overexposure,0,1.0136229e-11
overexposure,0,0.0058183544
overexposure,1,0.75484484
overexposure,1,0.95027494
overexposure,0,0.95656306
overexposure,0,0.0020269435
overexposure,0,0.00010067452
overexposure,1,0.00062459323
overexposure,1,0.40586588
overexposure,1,0.45570314
overexposure,0,3.59483e-05
overexposure,1,0.72699034
overexposure,1,0.070498824
overexposure,0,0.0011854114
overexposure,1,0.55890083
overexposure,0,2.0091566e-09
overexposure,0,1.4577277e-05
overexposure,0,1.5763932e-07
overexposure,1,0.023261819
overexposure,1,0.81616753
overexposure,0,2.3344303e-07
overexposure,0,3.538212e-05
overexposure,0,1.4088084e-06
overexposure,1,0.2378084
overexposure,1,0.6600282
overexposure,1,0.041917864
overexposure,1,0.8087626
overexposure,0,1.14991465e-07
overexposure,0,5.5525023e-05
overexposure,0,1.14551455e-07
overexposure,0,7.353831e-05
overexposure,0,7.4354015e-05
overexposure,0,0.0085963085
overexposure,0,0.0003521827
overexposure,1,0.17029595
overexposure,1,0.17811456
overexposure,0,2.3800103e-06
overexposure,0,5.6779463e-11
overexposure,1,0.5764078
overexposure,1,0.060043994
overexposure,1,0.5958723
overexposure,0,2.338309e-08
overexposure,1,0.24294288
overexposure,0,6.0290046e-07
overexposure,1,0.7533925
overexposure,0,0.0008690117
overexposure,1,0.98721075
overexposure,1,0.7942294
overexposure,0,1.75047e-09
overexposure,1,0.00037885187
overexposure,0,7.7943405e-08
overexposure,0,1.425363e-07
overexposure,1,0.97906893
overexposure,1,0.07529794
overexposure,1,0.34170145
overexposure,1,0.49154556
overexposure,0,1.7779397e-05
overexposure,1,0.27028725
overexposure,0,0.0028612933
overexposure,0,0.00014911378
overexposure,1,0.7112131
overexposure,0,1.492265e-08
overexposure,1,0.37568587
overexposure,0,5.5089777e-06
overexposure,1,0.94084454
overexposure,0,4.6498478e-08
overexposure,1,0.18455592
overexposure,1,0.82400423
overexposure,1,0.76537174
overexposure,0,1.8740514e-09
overexposure,1,0.5821986
overexposure,0,0.00020947082
overexposure,0,5.457168e-05
overexposure,1,0.66374576
overexposure,1,0.53050107
overexposure,1,0.7284269
overexposure,1,0.89986634
overexposure,1,0.42342815
overexposure,1,0.6197729
overexposure,0,1.0028956e-08
overexposure,0,0.004026784
overexposure,1,0.18256265
overexposure,0,6.5786526e-06
overexposure,1,0.85955685
overexposure,1,0.26244897
overexposure,0,0.0011870351
overexposure,1,0.4364094
overexposure,0,0.00096465653
overexposure,0,2.1712633e-05
overexposure,0,3.3323677e-09
overexposure,1,0.5174382
overexposure,0,2.5017153e-08
overexposure,1,0.43598098
overexposure,0,9.429938e-10
overexposure,1,0.9908836
overexposure,0,5.854612e-07
overexposure,0,9.165484e-06
overexposure,1,0.83770365
overexposure,0,6.0666327e-05
overexposure,1,0.08564474
overexposure,0,0.08466103
overexposure,1,0.033164967
overexposure,1,0.4855657
overexposure,0,1.1025689e-08
overexposure,0,0.04556558
overexposure,1,0.81834173
overexposure,1,0.08281361
overexposure,1,0.73760176
overexposure,0,7.891897e-10
overexposure,1,0.12680082
overexposure,1,0.98925716
overexposure,0,9.3134746e-05
overexposure,1,0.52296257
overexposure,0,1.35824885e-05
overexposure,0,3.442325e-11
overexposure,0,1.1934019e-06
overexposure,1,0.22611243
overexposure,1,0.13142328
overexposure,0,6.0314338e-05
overexposure,0,0.004384159
overexposure,1,0.1048753
overexposure,1,0.06374306
overexposure,1,0.112419136
overexposure,1,0.88132316
overexposure,1,0.8113025
overexposure,1,0.7487154
overexposure,0,0.00014582321
overexposure,0,0.011913052
overexposure,0,0.013510244
overexposure,0,2.210862e-08
overexposure,1,0.07065661
overexposure,1,0.13031048
overexposure,1,0.8778431
overexposure,0,1.7678362e-10
overexposure,1,0.00077863823
overexposure,1,0.6113658
overexposure,1,0.14048134
overexposure,0,2.5621696e-06
overexposure,0,1.0242337e-08
overexposure,1,0.17443213
overexposure,0,2.0098465e-09
overexposure,0,0.0018447855
overexposure,1,0.48746967
overexposure,1,0.7960899
overexposure,0,7.1348396e-13
overexposure,1,0.051820483
overexposure,1,0.2196499
overexposure,0,7.857022e-10
overexposure,0,2.717317e-08
overexposure,0,0.56670535
overexposure,0,2.782356e-08
overexposure,1,0.29855043
overexposure,1,0.8587638
overexposure,1,0.8686938
overexposure,1,0.8301762
overexposure,1,0.4155984
overexposure,0,0.27862266
overexposure,1,0.4568297
overexposure,0,2.2518957e-07
overexposure,1,0.7412028
overexposure,1,0.9684511
overexposure,1,0.55752325
overexposure,0,4.1375988e-05
overexposure,1,0.87905127
overexposure,1,0.027311986
overexposure,1,0.8569345
overexposure,0,0.0011112926
overexposure,1,0.232111
overexposure,0,0.10180451
overexposure,0,2.4808378e-05
overexposure,1,0.5810392
overexposure,0,3.3233948e-07
overexposure,0,0.0036810683
overexposure,0,6.995897e-05
overexposure,0,3.3360117e-09
overexposure,0,8.601018e-07
overexposure,1,0.6774317
overexposure,1,0.8361124
overexposure,1,0.7393396
overexposure,0,1.61172e-07
overexposure,1,0.6917181
overexposure,1,0.74740326
overexposure,0,3.8631134e-10
overexposure,1,0.8124882
overexposure,0,0.98839587
overexposure,0,0.00043878655
overexposure,0,7.520847e-07
overexposure,0,2.3541214e-05
overexposure,1,0.4706884
low_contrast,1,0.967513
low_contrast,0,0.09368697
low_contrast,0,0.0052571087
low_contrast,0,7.0338935e-08
low_contrast,1,0.93668956
low_contrast,0,0.97667444
low_contrast,0,0.0013679131
low_contrast,1,0.7445034
low_contrast,0,1.01388956e-07
low_contrast,0,6.7650435e-10
low_contrast,1,0.9705379
low_contrast,1,0.87479573
low_contrast,1,0.28654948
low_contrast,1,0.46603552
low_contrast,0,0.0007243932
low_contrast,1,0.15159778
low_contrast,0,3.3303797e-05
low_contrast,0,8.121638e-08
low_contrast,0,0.08623954
low_contrast,0,1.2542459e-10
low_contrast,1,0.39100042
low_contrast,1,0.9112393
low_contrast,0,9.243522e-07
low_contrast,0,1.7622889e-09
low_contrast,1,0.31437248
low_contrast,1,0.9234068
low_contrast,1,0.237033
low_contrast,0,0.00054379995
low_contrast,1,0.7602212
low_contrast,0,0.67585504
low_contrast,0,6.299968e-10
low_contrast,1,0.5284173
low_contrast,0,5.8204584e-08
low_contrast,0,9.666175e-12
low_contrast,1,0.023859855
low_contrast,1,0.34432134
low_contrast,1,0.15359819
low_contrast,0,0.63954556
low_contrast,0,1.6831358e-07
low_contrast,0,0.000588519
low_contrast,0,1.2930187e-10
low_contrast,1,0.5094202
low_contrast,1,0.59765077
low_contrast,0,5.681394e-05
low_contrast,0,1.3177995e-06
low_contrast,1,0.9481065
low_contrast,1,0.32089847
low_contrast,1,0.4470387
low_contrast,0,2.4432356e-06
low_contrast,0,7.717173e-10
low_contrast,0,1.7084671e-08
low_contrast,1,0.43230325
low_contrast,1,0.9047947
low_contrast,0,1.808272e-10
low_contrast,0,1.0982163e-11
low_contrast,0,1.0475385e-09
low_contrast,0,0.00012894058
low_contrast,1,0.82611716
low_contrast,0,1.8302174e-08
low_contrast,0,4.0282986e-09
low_contrast,1,0.67875695
low_contrast,0,0.48654622
low_contrast,1,0.59530985
low_contrast,1,0.23231557
low_contrast,1,0.69585377
low_contrast,1,0.9877454
low_contrast,0,1.7813176e-10
low_contrast,0,0.0017292455
low_contrast,0,1.7495046e-10
low_contrast,0,7.740706e-05
low_contrast,1,0.9417301
low_contrast,0,8.392121e-10
low_contrast,0,1.5318151e-10
low_contrast,1,0.90275705
low_contrast,1,0.88773715
low_contrast,0,0.0003828069
low_contrast,0,1.7027668e-07
low_contrast,0,0.032606028
low_contrast,0,0.112543195
low_contrast,0,1.10815375e-08
low_contrast,1,0.98078936
low_contrast,0,2.3245327e-08
low_contrast,1,0.18301852
low_contrast,1,0.38315377
low_contrast,0,0.0001231906
low_contrast,1,0.7879601
low_contrast,1,0.93249935
low_contrast,1,0.0023136046
low_contrast,1,0.9652984
low_contrast,1,0.28189397
low_contrast,0,2.1539787e-08
low_contrast,0,1.18858445e-07
low_contrast,0,2.9165767e-06
low_contrast,1,0.22417876
low_contrast,0,3.971351e-06
low_contrast,1,0.72125375
low_contrast,0,4.148e-08
low_contrast,1,0.14343445
low_contrast,1,0.3620037
low_contrast,0,0.0012741886
low_contrast,1,0.2547191
low_contrast,1,0.402578
low_contrast,0,0.0001381148
low_contrast,0,2.1580265e-06
low_contrast,1,0.9560857
low_contrast,1,0.0018073396
low_contrast,0,4.1480765e-09
low_contrast,0,6.6790636e-07
low_contrast,0,0.0020522673
low_contrast,0,4.612906e-08
low_contrast,0,0.00032638258
low_contrast,0,0.68078136
low_contrast,1,0.0033924226
low_contrast,1,0.9798724
low_contrast,1,0.0025950335
low_contrast,0,9.107863e-09
low_contrast,1,0.22779705
low_contrast,0,5.430683e-10
low_contrast,1,0.57285184
low_contrast,1,0.13166077
low_contrast,0,2.6767137e-09
low_contrast,0,8.364653e-06
low_contrast,1,0.93324184
low_contrast,1,0.51787627
low_contrast,1,0.87338006
low_contrast,1,0.55823445
low_contrast,0,4.645406e-05
low_contrast,0,4.2531592e-05
low_contrast,0,2.5702573e-07
low_contrast,1,0.30230963
low_contrast,1,0.17758137
low_contrast,1,0.14247867
low_contrast,1,0.71219146
low_contrast,0,0.89482033
low_contrast,0,1.10082265e-05
low_contrast,0,2.1162172e-05
low_contrast,1,0.22500665
low_contrast,0,4.962194e-09
low_contrast,0,6.7363715e-09
low_contrast,1,0.98020935
low_contrast,1,0.96877384
low_contrast,0,0.038294904
low_contrast,0,8.4907406e-09
low_contrast,1,0.59138656
low_contrast,1,0.9442402
low_contrast,1,0.8015992
low_contrast,0,4.516129e-05
low_contrast,0,8.304594e-06
low_contrast,0,1.5660727e-10
low_contrast,1,0.011620512
low_contrast,1,0.47543848
low_contrast,0,8.712635e-11
low_contrast,1,0.37417188
low_contrast,1,0.9684236
low_contrast,1,0.98789537
low_contrast,0,0.00011261467
low_contrast,0,6.929075e-11
low_contrast,1,0.468809
low_contrast,0,8.445344e-05
low_contrast,0,4.5605658e-11
low_contrast,0,2.1131223e-06
low_contrast,0,5.360544e-08
low_contrast,0,3.4727815e-10
low_contrast,0,9.743454e-08
low_contrast,1,0.9660362
low_contrast,0,4.7549616e-08
low_contrast,1,0.26474214
low_contrast,1,0.96580607
low_contrast,1,0.9777259
low_contrast,0,8.914205e-09
low_contrast,0,3.147377e-09
low_contrast,1,0.27327663
low_contrast,1,0.9915838
low_contrast,1,0.18853608
low_contrast,1,0.5699831
low_contrast,1,0.031106992
low_contrast,0,1.2924022e-06
low_contrast,0,0.5184487
low_contrast,0,3.661098e-09
low_contrast,1,0.2527873
low_contrast,1,0.97580725
low_contrast,1,0.013247139
low_contrast,1,0.8654506
low_contrast,1,0.31877878
low_contrast,1,0.93778086
low_contrast,0,0.0013438452
low_contrast,1,0.77734923
low_contrast,0,8.882399e-09
low_contrast,0,6.505942e-05
low_contrast,1,0.18526801
low_contrast,1,0.813121
low_contrast,1,0.7451209
low_contrast,1,0.86947024
low_contrast,1,0.008966074
low_contrast,1,0.9514118
low_contrast,1,0.94728386
low_contrast,0,1.5432985e-07
low_contrast,0,0.0027015156
low_contrast,1,0.534616
low_contrast,0,7.280639e-07
low_contrast,1,0.9519199
low_contrast,0,5.756989e-10
low_contrast,1,0.11660532
low_contrast,0,7.8220165e-07
low_contrast,1,0.9202816
low_contrast,0,0.002313623
low_contrast,0,1.2822916e-07
low_contrast,1,0.20604801
low_contrast,0,1.2544625e-08
low_contrast,1,0.47489655
low_contrast,0,6.1882665e-06
low_contrast,0,1.9835608e-07
low_contrast,1,0.44026735
low_contrast,0,4.713539e-13
low_contrast,0,8.7318326e-11
low_contrast,1,0.95094925
low_contrast,0,3.830323e-05
low_contrast,1,0.8883667
low_contrast,1,0.9598317
low_contrast,0,0.0027571737
low_contrast,0,1.6213812e-11
low_contrast,0,0.0011907711
low_contrast,0,1.3006669e-05
low_contrast,1,0.93502504
low_contrast,1,0.058995347
low_contrast,0,0.036614053
low_contrast,0,5.616536e-05
low_contrast,1,0.132462
low_contrast,1,0.92544717
low_contrast,1,0.9425141
low_contrast,1,0.8549429
low_contrast,0,5.075391e-10
low_contrast,0,0.0005216331
low_contrast,0,1.7321197e-06
low_contrast,1,0.5929184
low_contrast,1,0.9164718
low_contrast,1,0.9532717
low_contrast,0,3.3384193e-08
low_contrast,0,4.6395138e-07
low_contrast,1,0.9998547
low_contrast,1,0.95737284
low_contrast,1,0.46956757
low_contrast,1,0.92974067
low_contrast,0,5.652836e-10
low_contrast,0,0.0006480477
low_contrast,1,0.44063544
low_contrast,1,0.95311093
low_contrast,0,3.960602e-08
low_contrast,0,1.5799051e-08
low_contrast,0,8.128638e-05
low_contrast,1,0.8026649
low_contrast,0,3.4632872e-06
low_contrast,0,2.1348816e-08
low_contrast,0,1.5931904e-07
low_contrast,0,0.00024520836
low_contrast,1,0.84167594
low_contrast,0,7.8456644e-08
low_contrast,1,0.94897866
low_contrast,0,2.2114534e-11
low_contrast,1,0.9309536
low_contrast,1,0.35026217
low_contrast,0,3.3240976e-08
low_contrast,0,0.00022541097
low_contrast,1,0.62807024
low_contrast,0,2.612605e-12
low_contrast,1,0.2810481
low_contrast,1,0.75280035
low_contrast,0,2.3865988e-07
low_contrast,0,3.3401502e-09
low_contrast,1,0.4707503
low_contrast,0,0.009028351
low_contrast,0,6.3356747e-06
low_contrast,0,4.6325105e-10
low_contrast,0,2.5859783e-06
low_contrast,0,3.6711347e-06
low_contrast,1,0.9341376
low_contrast,0,2.3449134e-09
low_contrast,0,0.00031818546
low_contrast,1,0.9907214
low_contrast,0,2.5793352e-07
low_contrast,0,1.4997048e-05
low_contrast,1,0.9954061
low_contrast,0,0.0021951243
low_contrast,0,8.534105e-05
low_contrast,1,0.25829607
low_contrast,0,6.216077e-11
low_contrast,0,3.1421335e-10
low_contrast,1,0.9662214
low_contrast,1,0.58413017
low_contrast,1,0.9628135
low_contrast,0,2.683006e-09
low_contrast,1,0.24992727
low_contrast,0,3.2427117e-09
low_contrast,0,0.00026674988
low_contrast,0,0.0012237943
low_contrast,1,0.99292904
low_contrast,1,0.9276688
low_contrast,1,0.17402007
low_contrast,1,0.57295
low_contrast,0,0.23144291
low_contrast,1,0.2791835
low_contrast,1,0.3086707
low_contrast,0,1.3018284e-10
low_contrast,1,0.4574206
low_contrast,0,1.7112761e-05
low_contrast,0,2.453926e-09
low_contrast,0,0.38182697
low_contrast,0,0.7870598
low_contrast,1,0.1774785
low_contrast,1,0.40735403
low_contrast,1,0.9536847
low_contrast,0,9.559907e-11
low_contrast,0,0.3172942
low_contrast,1,0.254471
low_contrast,1,0.46548045
low_contrast,0,0.995997
low_contrast,0,0.07989532
low_contrast,0,4.756694e-08
low_contrast,1,0.00029113208
low_contrast,1,0.4966313
low_contrast,1,0.90254277
low_contrast,0,1.5707671e-07
low_contrast,1,0.8542042
low_contrast,1,0.55265355
low_contrast,0,0.52266276
low_contrast,1,0.7302917
low_contrast,0,7.445625e-06
low_contrast,0,1.9698898e-07
low_contrast,0,1.9855226e-05
low_contrast,1,0.00090546935
low_contrast,1,0.6401823
low_contrast,0,2.4667662e-08
low_contrast,0,1.2872894e-07
low_contrast,0,1.2642218e-08
low_contrast,1,0.75737643
low_contrast,1,0.20966667
low_contrast,1,0.9743578
low_contrast,1,0.26505572
low_contrast,0,3.0848122e-09
low_contrast,0,5.5948753e-05
low_contrast,0,5.3168723e-11
low_contrast,0,4.3797613e-10
low_contrast,0,3.0440888e-05
low_contrast,0,0.00031856092
low_contrast,0,0.17860946
low_contrast,1,0.98025995
low_contrast,1,0.8897729
low_contrast,0,1.5810379e-07
low_contrast,0,1.1898013e-11
low_contrast,1,0.012004568
low_contrast,1,0.0013045465
low_contrast,1,0.33331388
low_contrast,0,2.6962536e-07
low_contrast,1,0.2777135
low_contrast,0,3.2210747e-09
low_contrast,1,0.9694171
low_contrast,0,7.303797e-07
low_contrast,1,0.5248164
low_contrast,1,0.38141146
low_contrast,0,1.3049926e-11
low_contrast,1,0.13123976
low_contrast,0,1.3647223e-08
low_contrast,0,1.6498579e-10
low_contrast,1,0.79166234
low_contrast,1,0.9829301
low_contrast,1,0.9802362
low_contrast,1,0.6641066
low_contrast,0,6.206553e-05
low_contrast,1,0.008179766
low_contrast,0,0.060611617
low_contrast,0,9.034284e-05
low_contrast,1,0.86251545
low_contrast,0,3.4325123e-10
low_contrast,1,0.01191197
low_contrast,0,1.5633425e-09
low_contrast,1,0.59446573
low_contrast,0,1.644593e-09
low_contrast,1,0.8721555
low_contrast,1,0.21578817
low_contrast,1,0.228507
low_contrast,0,6.1983665e-06
low_contrast,1,0.9797395
low_contrast,0,0.00010609326
low_contrast,0,0.0018031227
low_contrast,1,0.26656392
low_contrast,1,0.20307846
low_contrast,1,0.18520103
low_contrast,1,0.23572491
low_contrast,1,0.73381925
low_contrast,1,0.8673248
low_contrast,0,7.275791e-11
low_contrast,0,0.0007153552
low_contrast,1,0.97219497
low_contrast,0,8.215027e-05
low_contrast,1,0.8124977
low_contrast,1,0.9666091
low_contrast,0,0.016660845
low_contrast,1,0.03029036
low_contrast,0,0.0012068293
low_contrast,0,1.4826755e-08
low_contrast,0,2.9600135e-11
low_contrast,1,0.077131115
low_contrast,0,8.7490735e-05
low_contrast,1,0.25862813
low_contrast,0,2.2483263e-12
low_contrast,1,0.99439365
low_contrast,0,4.5274776e-10
low_contrast,0,1.0372087e-08
low_contrast,1,0.979057
low_contrast,0,0.0005039395
low_contrast,1,0.9276481
low_contrast,0,0.42552724
low_contrast,1,0.27919784
low_contrast,1,0.5108973
low_contrast,0,5.281134e-11
low_contrast,0,0.00012352657
low_contrast,1,0.18920076
low_contrast,1,0.9420845
low_contrast,1,0.9321349
low_contrast,0,7.153328e-10
low_contrast,1,0.045323413
low_contrast,1,0.99839216
low_contrast,0,0.0022757784
low_contrast,1,0.5274731
low_contrast,0,3.5674137e-05
low_contrast,0,4.2234666e-12
low_contrast,0,4.3806363e-06
low_contrast,1,0.58935285
low_contrast,1,0.8405396
low_contrast,0,2.3140296e-05
low_contrast,0,3.9009906e-06
low_contrast,1,0.006591148
low_contrast,1,0.011284569
low_contrast,1,0.97427547
low_contrast,1,0.57025695
low_contrast,1,0.7817768
low_contrast,1,0.28047425
low_contrast,0,1.0486054e-06
low_contrast,0,0.00030291246
low_contrast,0,0.00023701505
low_contrast,0,2.9576278e-10
low_contrast,1,0.9315721
low_contrast,1,0.825015
low_contrast,1,0.22709836
low_contrast,0,4.638288e-12
low_contrast,1,0.14221048
low_contrast,1,0.58926743
low_contrast,1,0.9592326
low_contrast,0,8.052054e-09
low_contrast,0,9.742745e-09
low_contrast,1,0.0044705844
low_contrast,0,6.6679906e-10
low_contrast,0,0.056233283
low_contrast,1,0.9000057
low_contrast,1,0.2233998
low_contrast,0,1.3128142e-11
low_contrast,1,0.9821044
low_contrast,1,0.6089684
low_contrast,0,2.1633386e-06
low_contrast,0,3.065854e-09
low_contrast,0,0.54371655
low_contrast,0,3.5322634e-10
low_contrast,1,0.97471285
low_contrast,1,0.9848106
low_contrast,1,0.5819553
low_contrast,1,0.31808028
low_contrast,1,0.15441577
low_contrast,0,8.35197e-05
low_contrast,1,0.9363392
low_contrast,0,2.8226762e-07
low_contrast,1,0.38969928
low_contrast,1,0.9336965
low_contrast,1,0.4490747
low_contrast,0,4.404672e-07
low_contrast,1,0.6217768
low_contrast,1,0.9963549
low_contrast,1,0.178404
low_contrast,0,3.2988776e-08
low_contrast,1,0.8728435
low_contrast,0,0.000117301715
low_contrast,0,3.4517054e-08
low_contrast,1,0.1371082
low_contrast,0,4.3136282e-07
low_contrast,0,0.8427592
low_contrast,0,0.0016584566
low_contrast,0,7.32148e-11
low_contrast,0,1.009208e-09
low_contrast,1,0.43260583
low_contrast,1,0.61546224
low_contrast,1,0.24401765
low_contrast,0,4.894661e-10
low_contrast,1,0.968937
low_contrast,1,0.15572198
low_contrast,0,2.0322262e-10
low_contrast,1,0.9797077
low_contrast,0,0.99936664
low_contrast,0,0.1607924
low_contrast,0,7.750101e-09
low_contrast,0,3.412507e-08
low_contrast,1,0.39458293
noise,1,0.9865354
noise,0,0.079743765
noise,0,0.00024924133
noise,0,2.4765379e-05
noise,1,0.6989137
noise,0,0.9225832
noise,0,0.017079424
noise,1,0.6725248
noise,0,8.85733e-05
noise,0,1.755934e-09
noise,1,0.14906178
noise,1,0.9860121
noise,1,0.74802876
noise,1,0.73423976
noise,0,0.00040556447
noise,1,0.3183859
noise,0,5.7793946e-05
noise,0,5.7515575e-05
noise,0,0.21402343
noise,0,1.8018957e-10
noise,1,0.7989817
noise,1,0.9088231
noise,0,1.8481329e-07
noise,0,5.9546434e-09
noise,1,0.82857156
noise,1,0.7186683
noise,1,0.00321487
noise,0,4.5977404e-07
noise,1,0.6012541
noise,0,0.13813254
noise,0,5.290962e-08
noise,1,0.9985331
noise,0,2.0355802e-08
noise,0,6.7439266e-14
noise,1,0.8202856
noise,1,0.8920102
noise,1,0.8528179
noise,0,0.029792935
noise,0,4.1142644e-07
noise,0,1.2376308e-05
noise,0,1.5215333e-10
noise,1,0.7366811
noise,1,0.80079514
noise,0,8.1490825e-06
noise,0,7.984492e-08
noise,1,0.9193933
noise,1,0.67306775
noise,1,0.7987781
noise,0,6.929877e-08
noise,0,6.000016e-10
noise,0,5.510838e-06
noise,1,0.78995013
noise,1,0.5229923
noise,0,1.05087605e-10
noise,0,2.9342966e-11
noise,0,2.9533128e-08
noise,0,0.0005423625
noise,1,0.7544683
noise,0,8.0745124e-08
noise,0,1.12268246e-07
noise,1,0.84417284
noise,0,0.00010405663
noise,1,0.5304792
noise,1,0.083017685
noise,1,0.52807164
noise,1,0.71124774
noise,0,8.0066995e-11
noise,0,0.002136229
noise,0,1.4117679e-08
noise,0,0.000543249
noise,1,0.59196395
noise,0,2.0357547e-06
noise,0,1.0985294e-09
noise,1,0.98138714
noise,1,0.8155626
noise,0,8.7256154e-07
noise,0,7.0111037e-07
noise,0,0.003345022
noise,0,0.0019744008
noise,0,2.272113e-07
noise,1,0.27319813
noise,0,3.946576e-08
noise,1,0.88571
noise,1,0.5454488
noise,0,0.00029158124
noise,1,0.8254705
noise,1,0.8832153
noise,1,0.536421
noise,1,0.857606
noise,1,0.17784342
noise,0,6.2095423e-06
noise,0,0.00017768364
noise,0,5.449145e-09
noise,1,0.3743218
noise,0,2.2454754e-09
noise,1,0.9885897
noise,0,7.549724e-06
noise,1,0.7967378
noise,1,0.68992865
noise,0,2.5755971e-05
noise,1,0.055032834
noise,1,0.5842103
noise,0,0.00012966123
noise,0,0.00016557258
noise,1,0.92903894
noise,1,0.92166716
noise,0,2.4237377e-08
noise,0,2.4563104e-08
noise,0,0.0029238896
noise,0,8.374934e-06
noise,0,0.00039976355
noise,0,0.04023572
noise,1,0.38487846
noise,1,0.5061642
noise,1,0.707546
noise,0,6.2374404e-08
noise,1,0.9987531
noise,0,2.3374378e-07
noise,1,0.9370493
noise,1,0.98564
noise,0,5.7608054e-07
noise,0,3.5793375e-05
noise,1,0.6751952
noise,1,0.8412056
noise,1,0.8729374
noise,1,0.5351114
noise,0,0.0007541854
noise,0,0.00045343657
noise,0,4.4301523e-06
noise,1,0.90486604
noise,1,0.8816804
noise,1,0.97894454
noise,1,0.2345592
noise,0,0.13015147
noise,0,9.931306e-08
noise,0,1.1287298e-07
noise,1,0.8532777
noise,0,2.977053e-07
noise,0,1.2121872e-08
noise,1,0.21865094
noise,1,0.39073017
noise,0,0.0023073095
noise,0,2.437702e-08
noise,1,0.5060245
noise,1,0.4253584
noise,1,0.4588763
noise,0,0.0006935433
noise,0,2.0629503e-05
noise,0,9.8753054e-11
noise,1,0.8666499
noise,1,0.8224189
noise,0,3.8419823e-09
noise,1,0.16997355
noise,1,0.90868366
noise,1,0.8817059
noise,0,0.0001607246
noise,0,1.00521744e-10
noise,1,0.86968666
noise,0,6.5560795e-07
noise,0,5.6207755e-10
noise,0,1.7030104e-09
noise,0,1.0366606e-05
noise,0,3.0301128e-09
noise,0,7.303913e-09
noise,1,0.64410096
noise,0,1.3924374e-07
noise,1,0.5445187
noise,1,0.90531456
noise,1,0.6399938
noise,0,6.4046994e-09
noise,0,1.1971991e-08
noise,1,0.78244424
noise,1,0.22281423
noise,1,0.41406345
noise,1,0.8475572
noise,1,0.0007389069
noise,0,7.631063e-10
noise,0,0.0060794703
noise,0,2.5132113e-07
noise,1,0.6221119
noise,1,0.90456116
noise,1,0.005512509
noise,1,0.99826515
noise,1,0.10617364
noise,1,0.68438494
noise,0,0.00030820377
noise,1,0.84515625
noise,0,1.2438547e-07
noise,0,2.2496911e-07
noise,1,0.8954807
noise,1,0.5262495
noise,1,0.8836242
noise,1,0.26485202
noise,1,0.9035399
noise,1,0.949578
noise,1,0.4357753
noise,0,9.1194846e-07
noise,0,4.292512e-06
noise,1,0.6403614
noise,0,5.076325e-06
noise,1,0.931293
noise,0,3.3945416e-10
noise,1,0.23856583
noise,0,1.7731818e-05
noise,1,0.61790186
noise,0,0.0002986575
noise,0,2.166475e-05
noise,1,0.69335186
noise,0,1.3088368e-05
noise,1,0.6887689
noise,0,0.0004127656
noise,0,9.883194e-09
noise,1,0.93098235
noise,0,2.2911712e-12
noise,0,3.7906817e-12
noise,1,0.9139746
noise,0,4.802096e-07
noise,1,0.9504149
noise,1,0.2237217
noise,0,0.072183326
noise,0,9.5811734e-11
noise,0,4.7363515e-05
noise,0,3.365296e-08
noise,1,0.6430935
noise,1,0.9969382
noise,0,0.0035428316
noise,0,8.667012e-09
noise,1,0.7273535
noise,1,0.6598073
noise,1,0.7161211
noise,1,0.9946895
noise,0,1.0935612e-07
noise,0,2.7562058e-07
noise,0,8.4901214e-10
noise,1,0.7269784
noise,1,0.6276565
noise,1,0.9599103
noise,0,5.986955e-08
noise,0,2.0234525e-08
noise,1,0.95157105
noise,1,0.4148025
noise,1,0.87803143
noise,1,0.7076304
noise,0,2.7413963e-10
noise,0,5.743626e-06
noise,1,0.82326967
noise,1,0.66286135
noise,0,1.7711845e-06
noise,0,1.2608514e-06
noise,0,3.1046766e-05
noise,1,0.26500788
noise,0,1.5789683e-05
noise,0,1.380653e-07
noise,0,7.5334825e-08
noise,0,0.0040720324
noise,1,0.73450327
noise,0,1.4959717e-07
noise,1,0.9857806
noise,0,4.603314e-09
noise,1,0.7266139
noise,1,0.6312427
noise,0,3.2992463e-07
noise,0,0.0024971722
noise,1,0.8626238
noise,0,4.3465682e-12
noise,1,0.8214276
noise,1,0.2660261
noise,0,2.2881608e-07
noise,0,1.18772554e-07
noise,1,0.06271939
noise,0,0.00061572564
noise,0,4.2191974e-09
noise,0,6.098061e-10
noise,0,1.2832215e-09
noise,0,0.0003898171
noise,1,0.977784
noise,0,4.741481e-06
noise,0,0.0005039743
noise,1,0.9953514
noise,0,3.764829e-08
noise,0,3.8884067e-05
noise,1,0.9832465
noise,0,9.221458e-07
noise,0,2.5367362e-05
noise,1,0.0892784
noise,0,1.8002545e-09
noise,0,1.3540291e-09
noise,1,0.96753484
noise,1,0.7224537
noise,1,0.25103727
noise,0,2.231907e-08
noise,1,0.3540632
noise,0,8.1202124e-08
noise,0,0.025352772
noise,0,1.9025745e-05
noise,1,0.5411433
noise,1,0.68267834
noise,1,0.60176355
noise,1,0.8432728
noise,0,0.0085084615
noise,1,0.640929
noise,1,0.31218404
noise,0,2.1581597e-09
noise,1,0.47475892
noise,0,5.342042e-05
noise,0,3.8384593e-09
noise,0,0.00084457104
noise,0,0.0001389307
noise,1,0.2991232
noise,1,0.3881387
noise,1,0.28807485
noise,0,8.9193965e-12
noise,0,0.010532968
noise,1,0.46260548
noise,1,0.84897184
noise,0,0.97553694
noise,0,0.0010423656
noise,0,1.2431564e-05
noise,1,0.0829104
noise,1,0.6262953
noise,1,0.8316964
noise,0,8.010901e-07
noise,1,0.7063497
noise,1,0.086955234
noise,0,6.124919e-05
noise,1,0.40070134
noise,0,1.3143363e-09
noise,0,2.924875e-07
noise,0,2.3326338e-08
noise,1,0.84354055
noise,1,0.55133784
noise,0,1.0026567e-07
noise,0,2.1419585e-07
noise,0,5.561107e-08
noise,1,0.13104105
noise,1,0.8968285
noise,1,0.19987002
noise,1,0.82763
noise,0,3.342376e-08
noise,0,1.6868324e-05
noise,0,1.5871146e-08
noise,0,1.37096185e-05
noise,0,3.3128645e-06
noise,0,0.002474122
noise,0,0.0026491273
noise,1,0.38939697
noise,1,0.5841119
noise,0,8.593552e-08
noise,0,3.9000185e-11
noise,1,0.97936636
noise,1,0.3036657
noise,1,0.36923486
noise,0,2.405278e-07
noise,1,0.94449925
noise,0,6.251399e-08
noise,1,0.6701131
noise,0,8.887765e-06
noise,1,0.8869957
noise,1,0.76198167
noise,0,3.0383587e-10
noise,1,0.0010913906
noise,0,1.3069873e-08
noise,0,7.874765e-08
noise,1,0.918911
noise,1,0.38964567
noise,1,0.8141294
noise,1,0.4988065
noise,0,8.5010896e-07
noise,1,0.98520935
noise,0,0.0011216294
noise,0,4.4632084e-06
noise,1,0.3920008
noise,0,1.0024493e-09
noise,1,0.92580384
noise,0,9.072822e-09
noise,1,0.69708204
noise,0,1.8525897e-08
noise,1,0.91611433
noise,1,0.7484927
noise,1,0.8354939
noise,0,5.134673e-09
noise,1,0.9705658
noise,0,0.00018140099
noise,0,1.9484445e-05
noise,1,0.96047515
noise,1,0.32117808
noise,1,0.46477485
noise,1,0.7111515
noise,1,0.27906558
noise,1,0.24190861
noise,0,6.4013284e-09
noise,0,0.00082495203
noise,1,0.40944615
noise,0,2.7563924e-06
noise,1,0.97311366
noise,1,0.4668856
noise,0,0.0005602131
noise,1,0.9803227
noise,0,0.00026577755
noise,0,1.4601905e-07
noise,0,1.5146829e-09
noise,1,0.9126722
noise,0,2.032915e-07
noise,1,0.3524906
noise,0,1.5687485e-10
noise,1,0.6891762
noise,0,3.072026e-07
noise,0,1.9960007e-06
noise,1,0.25216758
noise,0,9.189912e-05
noise,1,0.546855
noise,0,0.00053331396
noise,1,0.7898474
noise,1,0.6805946
noise,0,5.862739e-09
noise,0,0.00078555814
noise,1,0.24417706
noise,1,0.42197314
noise,1,0.44566485
noise,0,4.829026e-10
noise,1,0.97375023
noise,1,0.9965587
noise,0,0.00010498684
noise,1,0.5190771
noise,0,1.8268695e-06
noise,0,6.6253496e-12
noise,0,1.2986626e-06
noise,1,0.6241559
noise,1,0.5366762
noise,0,1.8678018e-05
noise,0,0.0012267623
noise,1,0.65493834
noise,1,0.5963438
noise,1,0.30481887
noise,1,0.8150095
noise,1,0.7459042
noise,1,0.6937725
noise,0,0.00024662877
noise,0,0.009511396
noise,0,0.0025426731
noise,0,4.3348414e-10
noise,1,0.6250176
noise,1,0.95441085
noise,1,0.3420763
noise,0,1.979893e-11
noise,1,0.016005076
noise,1,0.7168983
noise,1,0.56481177
noise,0,1.433228e-07
noise,0,6.6584136e-08
noise,1,0.4105817
noise,0,6.0499245e-10
noise,0,0.0022994012
noise,1,0.59625477
noise,1,0.8417722
noise,0,1.0878874e-12
noise,1,0.33224285
noise,1,0.648888
noise,0,1.5795999e-09
noise,0,4.5835575e-09
noise,0,0.2571413
noise,0,2.8553843e-10
noise,1,0.98746175
noise,1,0.84597087
noise,1,0.61757195
noise,1,0.76454747
noise,1,0.98976123
noise,0,0.0083319275
noise,1,0.8634028
noise,0,1.513364e-08
noise,1,0.74893856
noise,1,0.9757817
noise,1,0.76066077
noise,0,3.9965703e-06
noise,1,0.8696588
noise,1,0.2570184
noise,1,0.8242769
noise,0,5.0615887e-05
noise,1,0.8338689
noise,0,0.0478941
noise,0,1.6592976e-06
noise,1,0.2624816
noise,0,1.771331e-08
noise,0,0.0026683386
noise,0,2.3934555e-05
noise,0,1.3152918e-09
noise,0,2.2204542e-06
noise,1,0.91710246
noise,1,0.61585844
noise,1,0.3153398
noise,0,7.266091e-09
noise,1,0.96428823
noise,1,0.8349483
noise,0,1.4155979e-10
noise,1,0.83217275
noise,0,0.99669677
noise,0,0.004184002
noise,0,1.288731e-08
noise,0,1.5321327e-06
noise,1,0.7047607
blur,1,0.9946702
blur,0,0.0005308719
blur,0,8.927083e-05
blur,0,4.89553e-07
blur,1,0.7861379
blur,0,0.7432307
blur,0,0.00031029142
blur,1,0.54123735
blur,0,3.1028983e-07
blur,0,1.3356148e-09
blur,1,0.2620894
blur,1,0.83032143
blur,1,0.82517886
blur,1,0.38015875
blur,0,4.2504955e-05
blur,1,0.69022965
blur,0,1.2863524e-06
blur,0,1.0743916e-07
blur,0,0.0017374329
blur,0,7.3653263e-13
blur,1,0.40991884
blur,1,0.93861216
blur,0,2.4200828e-09
blur,0,3.2755583e-09
blur,1,0.8347355
blur,1,0.9842918
blur,1,0.38314024
blur,0,3.0658348e-06
blur,1,0.4937575
blur,0,0.95667005
blur,0,3.4609846e-10
blur,1,0.9919177
blur,0,1.0537166e-09
blur,0,3.7301637e-15
blur,1,0.8894729
blur,1,0.28913006
blur,1,0.63222307
blur,0,0.0048494143
blur,0,2.0860462e-07
blur,0,2.4704425e-06
blur,0,1.5423126e-11
blur,1,0.779592
blur,1,0.7256207
blur,0,4.6238156e-07
blur,0,7.7883133e-10
blur,1,0.71289945
blur,1,0.45102084
blur,1,0.75602466
blur,0,5.823587e-09
blur,0,8.8055e-12
blur,0,2.2252613e-07
blur,1,0.9674864
blur,1,0.8697295
blur,0,8.779757e-12
blur,0,1.3137245e-13
blur,0,5.154088e-10
blur,0,1.8054281e-05
blur,1,0.3845451
blur,0,7.0175963e-09
blur,0,2.01406e-09
blur,1,0.50421953
blur,0,0.00048092008
blur,1,0.41101924
blur,1,0.31657436
blur,1,0.67688614
blur,1,0.34771627
blur,0,8.523875e-13
blur,0,4.871788e-05
blur,0,1.1604748e-10
blur,0,1.1149878e-05
blur,1,0.75671995
blur,0,1.0907771e-09
blur,0,1.0176119e-10
blur,1,0.9018052
blur,1,0.7875666
blur,0,7.66444e-06
blur,0,3.7075214e-08
blur,0,0.0004812381
blur,0,0.0020178256
blur,0,7.2858214e-10
blur,1,0.9628223
blur,0,2.6125193e-09
blur,1,0.60908175
blur,1,0.18377377
blur,0,5.800093e-05
blur,1,0.45040488
blur,1,0.98530966
blur,1,0.9167642
blur,1,0.76860845
blur,1,0.8614026
blur,0,6.1881514e-07
blur,0,3.2379007e-06
blur,0,1.1443987e-09
blur,1,0.6843389
blur,0,2.748162e-09
blur,1,0.98879427
blur,0,1.5084539e-06
blur,1,0.55721486
blur,1,0.2544445
blur,0,4.4785484e-06
blur,1,0.8348944
blur,1,0.36012262
blur,0,3.110544e-06
blur,0,2.480994e-05
blur,1,0.94874066
blur,1,0.88186896
blur,0,2.2045528e-09
blur,0,2.3613143e-08
blur,0,4.4924698e-05
blur,0,2.7193598e-08
blur,0,2.5699808e-05
blur,0,0.009168504
blur,1,0.5201919
blur,1,0.8139167
blur,1,0.7986313
blur,0,1.2056498e-09
blur,1,0.97120994
blur,0,1.8261088e-09
blur,1,0.9946141
blur,1,0.96505207
blur,0,5.9458363e-09
blur,0,4.0548613e-07
blur,1,0.7415838
blur,1,0.80176985
blur,1,0.94261974
blur,1,0.5721595
blur,0,1.1154335e-05
blur,0,6.752957e-06
blur,0,1.6868333e-07
blur,1,0.22223052
blur,1,0.6502991
blur,1,0.9971014
blur,1,0.7479508
blur,0,0.0783895
blur,0,1.266398e-07
blur,0,8.741705e-09
blur,1,0.64774287
blur,0,5.7069927e-10
blur,0,1.6495756e-09
blur,1,0.95863724
blur,1,0.7975363
blur,0,0.00044402678
blur,0,8.1482077e-10
blur,1,0.8560004
blur,1,0.81089336
blur,1,0.54925555
blur,0,3.1940313e-06
blur,0,3.7109461e-07
blur,0,1.888952e-12
blur,1,0.9325604
blur,1,0.9457027
blur,0,6.073052e-12
blur,1,0.7909591
blur,1,0.9518785
blur,1,0.9162364
blur,0,1.7956407e-05
blur,0,7.108244e-13
blur,1,0.516881
blur,0,2.985938e-07
blur,0,5.3374766e-12
blur,0,4.70399e-10
blur,0,7.1624264e-08
blur,0,8.311412e-12
blur,0,1.791577e-10
blur,1,0.80565774
blur,0,4.34289e-08
blur,1,0.3169928
blur,1,0.9952882
blur,1,0.3063676
blur,0,8.309016e-09
blur,0,2.6732375e-10
blur,1,0.80953807
blur,1,0.99399316
blur,1,0.65985024
blur,1,0.47149402
blur,1,0.046395548
blur,0,2.887032e-10
blur,0,0.35815325
blur,0,1.1172193e-09
blur,1,0.83250517
blur,1,0.7240399
blur,1,0.66705424
blur,1,0.77607805
blur,1,0.8890294
blur,1,0.8059323
blur,0,5.367401e-06
blur,1,0.36133364
blur,0,5.484186e-10
blur,0,4.8351225e-08
blur,1,0.63124925
blur,1,0.6294946
blur,1,0.71064794
blur,1,0.8434466
blur,1,0.97988343
blur,1,0.6543467
blur,1,0.38256449
blur,0,5.7491536e-07
blur,0,0.0002411183
blur,1,0.47943196
blur,0,3.5163672e-09
blur,1,0.7675957
blur,0,1.7587623e-10
blur,1,0.17119288
blur,0,7.022438e-06
blur,1,0.7927059
blur,0,0.00085919275
blur,0,3.6834018e-07
blur,1,0.6590262
blur,0,1.6306701e-07
blur,1,0.2614324
blur,0,6.992035e-05
blur,0,3.524551e-10
blur,1,0.97812736
blur,0,7.221167e-15
blur,0,9.208467e-15
blur,1,0.793558
blur,0,2.7383576e-08
blur,1,0.75075716
blur,1,0.91117173
blur,0,0.00059891306
blur,0,4.7194133e-13
blur,0,7.0109286e-06
blur,0,6.7471086e-09
blur,1,0.77981144
blur,1,0.9974606
blur,0,0.0010108767
blur,0,1.6800741e-06
blur,1,0.20147872
blur,1,0.74356985
blur,1,0.8122987
blur,1,0.8709558
blur,0,6.013306e-10
blur,0,6.8904035e-07
blur,0,2.0470023e-09
blur,1,0.5668971
blur,1,0.7736231
blur,1,0.8841762
blur,0,2.2298815e-08
blur,0,2.4510727e-09
blur,1,0.99931836
blur,1,0.8611575
blur,1,0.947115
blur,1,0.7524921
blur,0,8.976472e-11
blur,0,2.2297315e-06
blur,1,0.9140452
blur,1,0.7523013
blur,0,1.9290471e-08
blur,0,1.4028352e-07
blur,0,9.1330185e-07
blur,1,0.68334115
blur,0,6.6235174e-08
blur,0,2.7615925e-09
blur,0,1.0275523e-08
blur,0,2.1539823e-05
blur,1,0.8355016
blur,0,4.6605715e-09
blur,1,0.88330466
blur,0,6.235311e-12
blur,1,0.76369005
blur,1,0.24877231
blur,0,3.6298853e-09
blur,0,1.1638657e-05
blur,1,0.4744379
blur,0,5.064106e-14
blur,1,0.7270893
blur,1,0.72336686
blur,0,4.590881e-09
blur,0,2.6354097e-10
blur,1,0.44820207
blur,0,0.00022148923
blur,0,6.3752265e-07
blur,0,1.830041e-10
blur,0,2.7169687e-09
blur,0,3.1354306e-05
blur,1,0.9707546
blur,0,1.5945902e-09
blur,0,4.3848922e-05
blur,1,0.99773806
blur,0,2.011635e-08
blur,0,4.3042755e-07
blur,1,0.99765474
blur,0,1.0398578e-05
blur,0,1.3768114e-06
blur,1,0.617111
blur,0,2.9091856e-11
blur,0,9.310118e-12
blur,1,0.99596655
blur,1,0.6261074
blur,1,0.98077965
blur,0,8.0061985e-10
blur,1,0.39550823
blur,0,1.1138406e-09
blur,0,0.00014270932
blur,0,3.9737986e-07
blur,1,0.9796498
blur,1,0.65792644
blur,1,0.73866117
blur,1,0.6311102
blur,0,0.0041736676
blur,1,0.19659434
blur,1,0.78793526
blur,0,4.1051507e-12
blur,1,0.65811586
blur,0,5.785609e-07
blur,0,2.4259347e-12
blur,0,0.04235418
blur,0,0.00054890726
blur,1,0.86218977
blur,1,0.42509535
blur,1,0.7957252
blur,0,2.1852855e-14
blur,0,9.788551e-05
blur,1,0.2129864
blur,1,0.91052294
blur,0,0.91760504
blur,0,0.00034454098
blur,0,1.4612631e-07
blur,1,0.5393885
blur,1,0.4888548
blur,1,0.9376123
blur,0,5.9231503e-10
blur,1,0.97790986
blur,1,0.60759497
blur,0,0.00012929714
blur,1,0.7420465
blur,0,7.7534804e-07
blur,0,1.3532757e-08
blur,0,8.383486e-09
blur,1,0.6139076
blur,1,0.60199475
blur,0,2.9458738e-09
blur,0,3.5827773e-07
blur,0,9.105132e-10
blur,1,0.5293746
blur,1,0.6128675
blur,1,0.91945505
blur,1,0.6940669
blur,0,6.44231e-10
blur,0,3.200928e-07
blur,0,7.3200834e-11
blur,0,2.6874886e-08
blur,0,1.0514288e-07
blur,0,3.2477692e-05
blur,0,0.003199115
blur,1,0.3315739
blur,1,0.758968
blur,0,1.3215792e-08
blur,0,1.08398886e-13
blur,1,0.8837006
blur,1,0.80687076
blur,1,0.82372886
blur,0,6.5670704e-09
blur,1,0.9263439
blur,0,3.4524215e-09
blur,1,0.65803087
blur,0,1.6362918e-06
blur,1,0.8542762
blur,1,0.7742561
blur,0,3.1412251e-12
blur,1,0.11129572
blur,0,7.574759e-09
blur,0,1.4471606e-09
blur,1,0.015541475
blur,1,0.93458116
blur,1,0.79898316
blur,1,0.86618346
blur,0,5.846856e-07
blur,1,0.9607793
blur,0,1.35541495e-05
blur,0,4.482821e-07
blur,1,0.95022476
blur,0,2.1271811e-10
blur,1,0.9899511
blur,0,1.6089347e-08
blur,1,0.9277507
blur,0,1.0570778e-10
blur,1,0.8487612
blur,1,0.74154556
blur,1,0.6322613
blur,0,1.5835531e-06
blur,1,0.8900465
blur,0,1.6829697e-05
blur,0,8.234659e-06
blur,1,0.9729899
blur,1,0.6811764
blur,1,0.67825663
blur,1,0.7600842
blur,1,0.6292603
blur,1,0.88255066
blur,0,3.3150385e-11
blur,0,4.8313155e-05
blur,1,0.17569393
blur,0,4.428817e-06
blur,1,0.9378475
blur,1,0.8301118
blur,0,0.00019887094
blur,1,0.9417731
blur,0,8.771512e-05
blur,0,4.0830037e-09
blur,0,1.1056439e-11
blur,1,0.9051236
blur,0,4.011062e-07
blur,1,0.62965906
blur,0,2.5740277e-13
blur,1,0.05889777
blur,0,9.401724e-10
blur,0,1.694968e-08
blur,1,0.60870093
blur,0,1.1433942e-05
blur,1,0.5904025
blur,0,0.012328771
blur,1,0.7265067
blur,1,0.5208147
blur,0,5.6088644e-11
blur,0,1.507057e-05
blur,1,0.7802695
blur,1,0.89913243
blur,1,0.9736215
blur,0,5.0870844e-12
blur,1,0.9921416
blur,1,0.96899444
blur,0,5.303415e-07
blur,1,0.49364838
blur,0,4.5431307e-07
blur,0,1.4754218e-13
blur,0,4.0385945e-07
blur,1,0.7868109
blur,1,0.4228818
blur,0,1.032269e-07
blur,0,0.00012681006
blur,1,0.96137667
blur,1,0.93132085
blur,1,0.4365799
blur,1,0.6130111
blur,1,0.5984547
blur,1,0.7704307
blur,0,1.30742455e-05
blur,0,2.3685106e-05
blur,0,0.00013443617
blur,0,6.2188525e-11
blur,1,0.7787404
blur,1,0.81104285
blur,1,0.67977184
blur,0,3.2635288e-13
blur,1,0.4717443
blur,1,0.46560612
blur,1,0.84176326
blur,0,1.6045423e-09
blur,0,1.097967e-11
blur,1,0.922511
blur,0,4.855445e-12
blur,0,0.000872291
blur,1,0.9845616
blur,1,0.5989698
blur,0,4.2135315e-15
blur,1,0.91847193
blur,1,0.5068359
blur,0,1.2428162e-09
blur,0,1.1772688e-10
blur,0,0.7994052
blur,0,1.7815272e-11
blur,1,0.97231627
blur,1,0.21305694
blur,1,0.32356083
blur,1,0.7411613
blur,1,0.96976113
blur,0,2.344731e-05
blur,1,0.98925155
blur,0,1.3258505e-09
blur,1,0.7368375
blur,1,0.9969441
blur,1,0.6059377
blur,0,1.681501e-07
blur,1,0.543942
blur,1,0.995099
blur,1,0.63473463
blur,0,7.4858985e-07
blur,1,0.8282008
blur,0,0.00017167054
blur,0,1.3379808e-07
blur,1,0.8437476
blur,0,1.2753358e-08
blur,0,0.000644468
blur,0,1.0152305e-05
blur,0,1.8395696e-11
blur,0,3.0786873e-09
blur,1,0.77674824
blur,1,0.627054
blur,1,0.73747927
blur,0,3.1413796e-09
blur,1,0.89838624
blur,1,0.36632615
blur,0,6.551782e-13
blur,1,0.99741536
blur,0,0.99894977
blur,0,0.0027468498
blur,0,2.2083781e-09
blur,0,4.08025e-08
blur,1,0.71134615
rotation_crop,1,0.9619765
rotation_crop,0,0.009367754
rotation_crop,0,9.0314235e-05
rotation_crop,0,8.5577034e-07
rotation_crop,1,0.9665113
rotation_crop,0,0.398142
rotation_crop,0,0.0002803427
rotation_crop,1,0.7740971
rotation_crop,0,3.5977982e-07
rotation_crop,0,4.6240642e-09
rotation_crop,1,0.7162044
rotation_crop,1,0.9913699
rotation_crop,1,0.87942237
rotation_crop,1,0.689874
rotation_crop,0,1.416601e-05
rotation_crop,1,0.91977084
rotation_crop,0,5.55938e-06
rotation_crop,0,7.656775e-08
rotation_crop,0,0.048987027
rotation_crop,0,7.4699535e-12
rotation_crop,1,0.892731
rotation_crop,1,0.89409095
rotation_crop,0,9.081998e-09
rotation_crop,0,6.73677e-09
rotation_crop,1,0.88649493
rotation_crop,1,0.90965897
rotation_crop,1,0.07733368
rotation_crop,0,1.028076e-07
rotation_crop,1,0.9082604
rotation_crop,0,0.97345227
rotation_crop,0,9.1610325e-10
rotation_crop,1,0.99938476
rotation_crop,0,6.6314656e-09
rotation_crop,0,4.9474546e-15
rotation_crop,1,0.8135454
rotation_crop,1,0.86937124
rotation_crop,1,0.73718274
rotation_crop,0,0.0068248273
rotation_crop,0,1.4127393e-07
rotation_crop,0,3.6468236e-07
rotation_crop,0,4.6214234e-11
rotation_crop,1,0.73226416
rotation_crop,1,0.45315072
rotation_crop,0,1.5292584e-06
rotation_crop,0,5.315053e-09
rotation_crop,1,0.9669847
rotation_crop,1,0.87948585
rotation_crop,1,0.30110478
rotation_crop,0,9.3632565e-08
rotation_crop,0,2.231797e-11
rotation_crop,0,1.5959106e-06
rotation_crop,1,0.811828
rotation_crop,1,0.9446854
rotation_crop,0,2.8552305e-11
rotation_crop,0,3.0886225e-12
rotation_crop,0,1.2035659e-09
rotation_crop,0,2.8004506e-05
rotation_crop,1,0.30694163
rotation_crop,0,2.825816e-08
rotation_crop,0,2.279097e-09
rotation_crop,1,0.85976
rotation_crop,0,0.00012948456
rotation_crop,1,0.61292744
rotation_crop,1,0.9449383
rotation_crop,1,0.9321879
rotation_crop,1,0.9200532
rotation_crop,0,6.069948e-12
rotation_crop,0,4.1397772e-05
rotation_crop,0,6.658865e-10
rotation_crop,0,7.129924e-05
rotation_crop,1,0.9737271
rotation_crop,0,1.2650781e-08
rotation_crop,0,3.051001e-10
rotation_crop,1,0.9962892
rotation_crop,1,0.5417595
rotation_crop,0,2.939985e-07
rotation_crop,0,1.05717604e-07
rotation_crop,0,0.00044224673
rotation_crop,0,0.0020916048
rotation_crop,0,1.8657946e-09
rotation_crop,1,0.8659137
rotation_crop,0,4.2933554e-09
rotation_crop,1,0.8984094
rotation_crop,1,0.39591342
rotation_crop,0,1.982348e-05
rotation_crop,1,0.89039636
rotation_crop,1,0.86115766
rotation_crop,1,0.7895218
rotation_crop,1,0.97930855
rotation_crop,1,0.9402847
rotation_crop,0,7.849959e-06
rotation_crop,0,7.2153716e-06
rotation_crop,0,2.1065338e-09
rotation_crop,1,0.9438714
rotation_crop,0,3.929613e-09
rotation_crop,1,0.8226898
rotation_crop,0,8.719204e-06
rotation_crop,1,0.40579277
rotation_crop,1,0.8836671
rotation_crop,0,4.8090533e-06
rotation_crop,1,0.930107
rotation_crop,1,0.7022115
rotation_crop,0,2.633857e-05
rotation_crop,0,2.0661282e-05
rotation_crop,1,0.86886656
rotation_crop,1,0.6445325
rotation_crop,0,5.90504e-08
rotation_crop,0,2.7458984e-09
rotation_crop,0,2.8239327e-05
rotation_crop,0,5.4989965e-07
rotation_crop,0,0.0006179199
rotation_crop,0,0.01373562
rotation_crop,1,0.64141
rotation_crop,1,0.9430205
rotation_crop,1,0.5149046
rotation_crop,0,2.0852124e-08
rotation_crop,1,0.99862707
rotation_crop,0,3.8145496e-09
rotation_crop,1,0.9979573
rotation_crop,1,0.96640754
rotation_crop,0,9.880594e-08
rotation_crop,0,3.1751922e-06
rotation_crop,1,0.40093547
rotation_crop,1,0.9106303
rotation_crop,1,0.43969482
rotation_crop,1,0.70008194
rotation_crop,0,3.336254e-05
rotation_crop,0,3.2955697e-05
rotation_crop,0,5.6563795e-08
rotation_crop,1,0.8455299
rotation_crop,1,0.8724972
rotation_crop,1,0.9586827
rotation_crop,1,0.23279586
rotation_crop,0,0.02335245
rotation_crop,0,3.443814e-08
rotation_crop,0,1.6053514e-08
rotation_crop,1,0.8545632
rotation_crop,0,1.8446846e-08
rotation_crop,0,2.132093e-09
rotation_crop,1,0.5880289
rotation_crop,1,0.9195877
rotation_crop,0,0.0005737006
rotation_crop,0,9.337567e-10
rotation_crop,1,0.7560809
rotation_crop,1,0.9239588
rotation_crop,1,0.34926504
rotation_crop,0,5.2954958e-05
rotation_crop,0,2.0462694e-06
rotation_crop,0,5.634072e-11
rotation_crop,1,0.9648864
rotation_crop,1,0.84096783
rotation_crop,0,4.9146024e-11
rotation_crop,1,0.90837085
rotation_crop,1,0.99596
rotation_crop,1,0.98859745
rotation_crop,0,3.2082586e-05
rotation_crop,0,8.6373105e-12
rotation_crop,1,0.82472193
rotation_crop,0,3.1724764e-07
rotation_crop,0,4.666811e-11
rotation_crop,0,7.9711227e-10
rotation_crop,0,3.466709e-08
rotation_crop,0,5.5503747e-11
rotation_crop,0,3.103981e-10
rotation_crop,1,0.9781736
rotation_crop,0,6.7919386e-09
rotation_crop,1,0.9067926
rotation_crop,1,0.9614361
rotation_crop,1,0.95009965
rotation_crop,0,3.3772019e-10
rotation_crop,0,4.3844922e-10
rotation_crop,1,0.8800474
rotation_crop,1,0.95178866
rotation_crop,1,0.92724925
rotation_crop,1,0.7166294
rotation_crop,1,0.0047569443
rotation_crop,0,3.1458094e-10
rotation_crop,0,0.26067224
rotation_crop,0,1.6322812e-08
rotation_crop,1,0.9255203
rotation_crop,1,0.9722779
rotation_crop,1,0.06963726
rotation_crop,1,0.97751445
rotation_crop,1,0.96377796
rotation_crop,1,0.95337987
rotation_crop,0,7.204332e-05
rotation_crop,1,0.41562492
rotation_crop,0,2.0120954e-08
rotation_crop,0,8.341393e-09
rotation_crop,1,0.77857614
rotation_crop,1,0.78054315
rotation_crop,1,0.8113934
rotation_crop,1,0.3443593
rotation_crop,1,0.97911197
rotation_crop,1,0.45661688
rotation_crop,1,0.53144276
rotation_crop,0,1.0814606e-06
rotation_crop,0,1.5888896e-05
rotation_crop,1,0.82541853
rotation_crop,0,1.2889639e-07
rotation_crop,1,0.82101464
rotation_crop,0,2.901634e-10
rotation_crop,1,0.014154576
rotation_crop,0,9.437398e-06
rotation_crop,1,0.9803147
rotation_crop,0,2.4421883e-05
rotation_crop,0,5.704202e-08
rotation_crop,1,0.75567687
rotation_crop,0,2.1352985e-06
rotation_crop,1,0.6653788
rotation_crop,0,7.4295196e-05
rotation_crop,0,4.4819742e-10
rotation_crop,1,0.93787265
rotation_crop,0,6.982744e-14
rotation_crop,0,4.4363693e-14
rotation_crop,1,0.98527426
rotation_crop,0,4.6798235e-08
rotation_crop,1,0.90581125
rotation_crop,1,0.8922968
rotation_crop,0,0.0012967368
rotation_crop,0,3.9802072e-12
rotation_crop,0,4.234031e-06
rotation_crop,0,1.859901e-08
rotation_crop,1,0.9701426
rotation_crop,1,0.9755853
rotation_crop,0,0.00067218376
rotation_crop,0,2.0493712e-08
rotation_crop,1,0.48162422
rotation_crop,1,0.96435624
rotation_crop,1,0.9748475
rotation_crop,1,0.99214447
rotation_crop,0,8.9755353e-10
rotation_crop,0,3.4200788e-08
rotation_crop,0,3.462848e-09
rotation_crop,1,0.9245752
rotation_crop,1,0.9443385
rotation_crop,1,0.7756551
rotation_crop,0,4.268015e-08
rotation_crop,0,3.602874e-09
rotation_crop,1,0.99984676
rotation_crop,1,0.9550871
rotation_crop,1,0.64024526
rotation_crop,1,0.9659046
rotation_crop,0,2.0934952e-10
rotation_crop,0,6.2300984e-07
rotation_crop,1,0.9026468
rotation_crop,1,0.9825247
rotation_crop,0,3.7940385e-08
rotation_crop,0,7.599724e-07
rotation_crop,0,6.3398206e-06
rotation_crop,1,0.68913984
rotation_crop,0,5.348263e-07
rotation_crop,0,1.180132e-08
rotation_crop,0,5.784244e-09
rotation_crop,0,0.0001010084
rotation_crop,1,0.5640804
rotation_crop,0,1.1756881e-08
rotation_crop,1,0.9851895
rotation_crop,0,6.3415774e-12
rotation_crop,1,0.9707381
rotation_crop,1,0.73543835
rotation_crop,0,2.1191406e-08
rotation_crop,0,1.585638e-05
rotation_crop,1,0.86708486
rotation_crop,0,4.3523883e-14
rotation_crop,1,0.8062968
rotation_crop,1,0.78768706
rotation_crop,0,8.974204e-09
rotation_crop,0,1.8525111e-09
rotation_crop,1,0.91453445
rotation_crop,0,0.00023131362
rotation_crop,0,1.3238978e-08
rotation_crop,0,5.919062e-10
rotation_crop,0,4.386945e-09
rotation_crop,0,4.721969e-05
rotation_crop,1,0.9930043
rotation_crop,0,2.8929442e-08
rotation_crop,0,5.837437e-05
rotation_crop,1,0.9984158
rotation_crop,0,3.5423056e-08
rotation_crop,0,2.4292212e-06
rotation_crop,1,0.9983401
rotation_crop,0,3.1352346e-07
rotation_crop,0,7.939181e-06
rotation_crop,1,0.45468247
rotation_crop,0,2.0263893e-10
rotation_crop,0,6.470827e-11
rotation_crop,1,0.9929156
rotation_crop,1,0.92263114
rotation_crop,1,0.3513795
rotation_crop,0,1.12120775e-08
rotation_crop,1,0.9438747
rotation_crop,0,6.977207e-10
rotation_crop,0,0.000748991
rotation_crop,0,1.73749e-06
rotation_crop,1,0.88429004
rotation_crop,1,0.9454864
rotation_crop,1,0.9163327
rotation_crop,1,0.8857438
rotation_crop,0,0.0018041596
rotation_crop,1,0.7236324
rotation_crop,1,0.9422451
rotation_crop,0,3.373131e-11
rotation_crop,1,0.941969
rotation_crop,0,1.2319634e-06
rotation_crop,0,4.815842e-11
rotation_crop,0,0.0118144285
rotation_crop,0,4.8811915e-05
rotation_crop,1,0.5970485
rotation_crop,1,0.9506388
rotation_crop,1,0.9697204
rotation_crop,0,8.172707e-14
rotation_crop,0,0.00054235704
rotation_crop,1,0.2262921
rotation_crop,1,0.766705
rotation_crop,0,0.72641134
rotation_crop,0,7.8722354e-05
rotation_crop,0,1.7894515e-06
rotation_crop,1,0.0731366
rotation_crop,1,0.9253516
rotation_crop,1,0.9498256
rotation_crop,0,3.1748968e-08
rotation_crop,1,0.9007445
rotation_crop,1,0.31447625
rotation_crop,0,3.4626857e-05
rotation_crop,1,0.8570531
rotation_crop,0,1.0755559e-08
rotation_crop,0,3.630323e-08
rotation_crop,0,1.983536e-08
rotation_crop,1,0.20971082
rotation_crop,1,0.84568256
rotation_crop,0,1.2584119e-08
rotation_crop,0,3.497764e-07
rotation_crop,0,2.2508172e-10
rotation_crop,1,0.64434266
rotation_crop,1,0.8494937
rotation_crop,1,0.918728
rotation_crop,1,0.8679797
rotation_crop,0,4.3799053e-09
rotation_crop,0,8.7720724e-07
rotation_crop,0,6.9910002e-12
rotation_crop,0,4.2977252e-08
rotation_crop,0,1.6711832e-07
rotation_crop,0,8.712358e-05
rotation_crop,0,0.0004140239
rotation_crop,1,0.59110045
rotation_crop,1,0.9382191
rotation_crop,0,3.6203794e-08
rotation_crop,0,8.546862e-13
rotation_crop,1,0.9695645
rotation_crop,1,0.8359734
rotation_crop,1,0.8311258
rotation_crop,0,6.248392e-09
rotation_crop,1,0.6867738
rotation_crop,0,3.1216114e-08
rotation_crop,1,0.11327014
rotation_crop,0,5.5271644e-06
rotation_crop,1,0.8449281
rotation_crop,1,0.7620128
rotation_crop,0,5.7173814e-12
rotation_crop,1,0.013999999
rotation_crop,0,4.270781e-09
rotation_crop,0,6.044955e-09
rotation_crop,1,0.24366523
rotation_crop,1,0.92357624
rotation_crop,1,0.98291993
rotation_crop,1,0.6181418
rotation_crop,0,7.326051e-07
rotation_crop,1,0.84397703
rotation_crop,0,3.862691e-05
rotation_crop,0,6.4719853e-07
rotation_crop,1,0.9581868
rotation_crop,0,4.5592113e-10
rotation_crop,1,0.9947473
rotation_crop,0,1.6536086e-08
rotation_crop,1,0.79550517
rotation_crop,0,3.6237752e-10
rotation_crop,1,0.9884615
rotation_crop,1,0.7429979
rotation_crop,1,0.85755235
rotation_crop,0,2.1070292e-08
rotation_crop,1,0.84422815
rotation_crop,0,2.9048819e-05
rotation_crop,0,4.0334858e-06
rotation_crop,1,0.9460097
rotation_crop,1,0.9702988
rotation_crop,1,0.7706923
rotation_crop,1,0.7556472
rotation_crop,1,0.8545582
rotation_crop,1,0.7591839
rotation_crop,0,3.8733025e-10
rotation_crop,0,0.00015101732
rotation_crop,1,0.77819335
rotation_crop,0,3.9050857e-07
rotation_crop,1,0.811352
rotation_crop,1,0.9750848
rotation_crop,0,5.751969e-05
rotation_crop,1,0.965701
rotation_crop,0,5.370284e-06
rotation_crop,0,1.4227584e-09
rotation_crop,0,1.02351974e-10
rotation_crop,1,0.70299625
rotation_crop,0,7.9583856e-08
rotation_crop,1,0.9611387
rotation_crop,0,1.1192417e-12
rotation_crop,1,0.069417566
rotation_crop,0,4.9820716e-09
rotation_crop,0,1.9697056e-07
rotation_crop,1,0.12316185
rotation_crop,0,7.53352e-06
rotation_crop,1,0.8713432
rotation_crop,0,0.0031574278
rotation_crop,1,0.20328997
rotation_crop,1,0.87638617
rotation_crop,0,2.9662262e-10
rotation_crop,0,6.7521646e-06
rotation_crop,1,0.9252031
rotation_crop,1,0.87955546
rotation_crop,1,0.8269393
rotation_crop,0,4.989255e-11
rotation_crop,1,0.944106
rotation_crop,1,0.97055125
rotation_crop,0,1.4370921e-06
rotation_crop,1,0.9484701
rotation_crop,0,9.118383e-08
rotation_crop,0,5.3215743e-13
rotation_crop,0,3.8026453e-08
rotation_crop,1,0.92502415
rotation_crop,1,0.47189593
rotation_crop,0,5.9550723e-07
rotation_crop,0,1.987095e-05
rotation_crop,1,0.9167727
rotation_crop,1,0.9273806
rotation_crop,1,0.6138303
rotation_crop,1,0.90521985
rotation_crop,1,0.19115897
rotation_crop,1,0.86916274
rotation_crop,0,1.6812037e-05
rotation_crop,0,0.00018510023
rotation_crop,0,0.0003539093
rotation_crop,0,5.0231164e-10
rotation_crop,1,0.94795805
rotation_crop,1,0.98058856
rotation_crop,1,0.91766644
rotation_crop,0,1.4252006e-12
rotation_crop,1,0.018867763
rotation_crop,1,0.27076277
rotation_crop,1,0.9750233
rotation_crop,0,1.4085536e-08
rotation_crop,0,3.8282794e-10
rotation_crop,1,0.7727021
rotation_crop,0,2.7555807e-11
rotation_crop,0,0.002041067
rotation_crop,1,0.6356718
rotation_crop,1,0.8321663
rotation_crop,0,1.1689986e-14
rotation_crop,1,0.9373956
rotation_crop,1,0.7340371
rotation_crop,0,1.4741194e-09
rotation_crop,0,8.4319596e-10
rotation_crop,0,0.5615275
rotation_crop,0,2.874984e-12
rotation_crop,1,0.9984535
rotation_crop,1,0.6899923
rotation_crop,1,0.846207
rotation_crop,1,0.63675416
rotation_crop,1,0.9757593
rotation_crop,0,1.7014814e-05
rotation_crop,1,0.91121477
rotation_crop,0,1.5353843e-09
rotation_crop,1,0.6501365
rotation_crop,1,0.99853164
rotation_crop,1,0.8274708
rotation_crop,0,4.9401542e-08
rotation_crop,1,0.64419556
rotation_crop,1,0.98529977
rotation_crop,1,0.87701666
rotation_crop,0,6.842607e-06
rotation_crop,1,0.9475945
rotation_crop,0,0.00060882606
rotation_crop,0,7.71883e-06
rotation_crop,1,0.9363697
rotation_crop,0,1.4206487e-09
rotation_crop,0,0.0008577417
rotation_crop,0,3.8345834e-06
rotation_crop,0,2.1895288e-10
rotation_crop,0,1.8471631e-08
rotation_crop,1,0.42940894
rotation_crop,1,0.8999842
rotation_crop,1,0.8754128
rotation_crop,0,2.0851116e-09
rotation_crop,1,0.89030915
rotation_crop,1,0.33939528
rotation_crop,0,5.646236e-12
rotation_crop,1,0.9804796
rotation_crop,0,0.99786353
rotation_crop,0,0.0004664506
rotation_crop,0,7.90905e-09
rotation_crop,0,2.3259242e-06
rotation_crop,1,0.4862212
partial_occlusion,1,0.9728533
partial_occlusion,0,0.033483744
partial_occlusion,0,0.00013971799
partial_occlusion,0,4.2955876e-06
partial_occlusion,1,0.6878209
partial_occlusion,0,0.66585374
partial_occlusion,0,0.0028498718
partial_occlusion,1,0.6411622
partial_occlusion,0,3.995229e-06
partial_occlusion,0,2.152318e-09
partial_occlusion,1,0.23658867
partial_occlusion,1,0.9808492
partial_occlusion,1,0.79393524
partial_occlusion,1,0.56609416
partial_occlusion,0,4.6069898e-05
partial_occlusion,1,0.7142774
partial_occlusion,0,1.576062e-05
partial_occlusion,0,1.0072558e-06
partial_occlusion,0,0.14864774
partial_occlusion,0,1.929357e-11
partial_occlusion,1,0.8133922
partial_occlusion,1,0.89763665
partial_occlusion,0,5.391449e-08
partial_occlusion,0,8.392813e-09
partial_occlusion,1,0.6223819
partial_occlusion,1,0.6348878
partial_occlusion,1,0.066646084
partial_occlusion,0,6.480108e-06
partial_occlusion,1,0.76544887
partial_occlusion,0,0.3283401
partial_occlusion,0,2.476931e-08
partial_occlusion,1,0.99860084
partial_occlusion,0,2.7187312e-09
partial_occlusion,0,1.1932835e-14
partial_occlusion,1,0.71725595
partial_occlusion,1,0.813622
partial_occlusion,1,0.44300956
partial_occlusion,0,0.005447086
partial_occlusion,0,2.1214463e-07
partial_occlusion,0,1.7345035e-05
partial_occlusion,0,1.9414842e-10
partial_occlusion,1,0.77874744
partial_occlusion,1,0.73323953
partial_occlusion,0,3.8348794e-06
partial_occlusion,0,2.0725517e-08
partial_occlusion,1,0.8471895
partial_occlusion,1,0.6700257
partial_occlusion,1,0.6719352
partial_occlusion,0,5.018467e-08
partial_occlusion,0,1.10801514e-10
partial_occlusion,0,2.3370012e-06
partial_occlusion,1,0.8082237
partial_occlusion,1,0.88213944
partial_occlusion,0,1.2763322e-10
partial_occlusion,0,2.6852138e-12
partial_occlusion,0,1.7404e-08
partial_occlusion,0,1.7395014e-05
partial_occlusion,1,0.5295789
partial_occlusion,0,1.7065489e-08
partial_occlusion,0,2.0213465e-08
partial_occlusion,1,0.7446591
partial_occlusion,0,0.0005699448
partial_occlusion,1,0.4224156
partial_occlusion,1,0.140088
partial_occlusion,1,0.8101876
partial_occlusion,1,0.6597564
partial_occlusion,0,3.552138e-11
partial_occlusion,0,7.5034965e-05
partial_occlusion,0,2.8569943e-08
partial_occlusion,0,0.00044134122
partial_occlusion,1,0.58712476
partial_occlusion,0,5.1175357e-07
partial_occlusion,0,5.6581867e-10
partial_occlusion,1,0.96581155
partial_occlusion,1,0.7323243
partial_occlusion,0,4.5858487e-05
partial_occlusion,0,2.0432338e-07
partial_occlusion,0,0.0011685664
partial_occlusion,0,0.0012045433
partial_occlusion,0,1.2986974e-08
partial_occlusion,1,0.6811356
partial_occlusion,0,1.5202177e-08
partial_occlusion,1,0.42684403
partial_occlusion,1,0.33176568
partial_occlusion,0,0.00018215965
partial_occlusion,1,0.62469023
partial_occlusion,1,0.9883303
partial_occlusion,1,0.24811612
partial_occlusion,1,0.7195108
partial_occlusion,1,0.36229667
partial_occlusion,0,1.6295555e-05
partial_occlusion,0,2.2511695e-05
partial_occlusion,0,1.975323e-09
partial_occlusion,1,0.6135602
partial_occlusion,0,4.4761412e-09
partial_occlusion,1,0.9849625
partial_occlusion,0,5.77783e-06
partial_occlusion,1,0.45865208
partial_occlusion,1,0.5495979
partial_occlusion,0,1.06294265e-05
partial_occlusion,1,0.15367192
partial_occlusion,1,0.45774916
partial_occlusion,0,0.00012894317
partial_occlusion,0,2.5267746e-05
partial_occlusion,1,0.96493113
partial_occlusion,1,0.8113038
partial_occlusion,0,8.236575e-09
partial_occlusion,0,2.6780375e-08
partial_occlusion,0,0.0001298596
partial_occlusion,0,1.7839382e-07
partial_occlusion,0,0.00062077545
partial_occlusion,0,0.0073501356
partial_occlusion,1,0.34876716
partial_occlusion,1,0.68495524
partial_occlusion,1,0.57800645
partial_occlusion,0,3.8170334e-08
partial_occlusion,1,0.9967192
partial_occlusion,0,3.0852082e-08
partial_occlusion,1,0.97942275
partial_occlusion,1,0.9749568
partial_occlusion,0,8.658761e-07
partial_occlusion,0,1.5437929e-05
partial_occlusion,1,0.8608225
partial_occlusion,1,0.69268084
partial_occlusion,1,0.8497742
partial_occlusion,1,0.85066307
partial_occlusion,0,2.9519937e-05
partial_occlusion,0,0.0007396396
partial_occlusion,0,1.3895287e-06
partial_occlusion,1,0.8940993
partial_occlusion,1,0.5737033
partial_occlusion,1,0.9790795
partial_occlusion,1,0.26147836
partial_occlusion,0,0.051805113
partial_occlusion,0,5.4270437e-08
partial_occlusion,0,1.4086773e-08
partial_occlusion,1,0.54095715
partial_occlusion,0,1.5001985e-08
partial_occlusion,0,5.5108127e-09
partial_occlusion,1,0.7081528
partial_occlusion,1,0.5782716
partial_occlusion,0,0.0007688924
partial_occlusion,0,1.5791189e-08
partial_occlusion,1,0.5112976
partial_occlusion,1,0.73227763
partial_occlusion,1,0.76767224
partial_occlusion,0,0.0005727346
partial_occlusion,0,1.322218e-05
partial_occlusion,0,2.6942542e-11
partial_occlusion,1,0.6489097
partial_occlusion,1,0.7633544
partial_occlusion,0,2.2673459e-10
partial_occlusion,1,0.46576712
partial_occlusion,1,0.9880465
partial_occlusion,1,0.95875293
partial_occlusion,0,0.00067305035
partial_occlusion,0,1.8524881e-11
partial_occlusion,1,0.84155124
partial_occlusion,0,4.822151e-06
partial_occlusion,0,1.3250813e-10
partial_occlusion,0,8.447091e-10
partial_occlusion,0,4.0843963e-07
partial_occlusion,0,6.9993333e-10
partial_occlusion,0,1.2589132e-09
partial_occlusion,1,0.5761487
partial_occlusion,0,1.2958043e-07
partial_occlusion,1,0.7576421
partial_occlusion,1,0.9714293
partial_occlusion,1,0.855762
partial_occlusion,0,1.07541025e-08
partial_occlusion,0,3.0195433e-09
partial_occlusion,1,0.7266864
partial_occlusion,1,0.95524645
partial_occlusion,1,0.7192235
partial_occlusion,1,0.07967237
partial_occlusion,1,0.0060098455
partial_occlusion,0,3.957124e-10
partial_occlusion,0,0.0135692
partial_occlusion,0,6.70493e-08
partial_occlusion,1,0.55230993
partial_occlusion,1,0.8674561
partial_occlusion,1,0.15774761
partial_occlusion,1,0.9232044
partial_occlusion,1,0.41465792
partial_occlusion,1,0.80982614
partial_occlusion,0,8.957081e-05
partial_occlusion,1,0.6900091
partial_occlusion,0,2.727843e-08
partial_occlusion,0,1.15811e-08
partial_occlusion,1,0.4624574
partial_occlusion,1,0.5882974
partial_occlusion,1,0.64217544
partial_occlusion,1,0.50651395
partial_occlusion,1,0.70015776
partial_occlusion,1,0.5281005
partial_occlusion,1,0.7938942
partial_occlusion,0,1.1612606e-06
partial_occlusion,0,6.134485e-06
partial_occlusion,1,0.7170882
partial_occlusion,0,1.5124154e-07
partial_occlusion,1,0.99349886
partial_occlusion,0,8.5399493e-10
partial_occlusion,1,0.117270246
partial_occlusion,0,7.652695e-06
partial_occlusion,1,0.78548175
partial_occlusion,0,0.014525255
partial_occlusion,0,1.6957866e-06
partial_occlusion,1,0.44235036
partial_occlusion,0,2.536987e-06
partial_occlusion,1,0.36550704
partial_occlusion,0,0.00012887691
partial_occlusion,0,2.1513002e-09
partial_occlusion,1,0.9625126
partial_occlusion,0,2.9307028e-13
partial_occlusion,0,1.1247261e-13
partial_occlusion,1,0.9359514
partial_occlusion,0,2.3313467e-07
partial_occlusion,1,0.87496907
partial_occlusion,1,0.72732407
partial_occlusion,0,0.022680165
partial_occlusion,0,1.4709834e-11
partial_occlusion,0,8.1642094e-05
partial_occlusion,0,5.379593e-09
partial_occlusion,1,0.6367425
partial_occlusion,1,0.98530555
partial_occlusion,0,0.0015302066
partial_occlusion,0,5.2392015e-09
partial_occlusion,1,0.11688341
partial_occlusion,1,0.7521712
partial_occlusion,1,0.75688183
partial_occlusion,1,0.97211283
partial_occlusion,0,3.2886437e-08
partial_occlusion,0,1.9219774e-06
partial_occlusion,0,1.904798e-09
partial_occlusion,1,0.75555944
partial_occlusion,1,0.7460992
partial_occlusion,1,0.9711316
partial_occlusion,0,5.7435702e-08
partial_occlusion,0,3.2076375e-08
partial_occlusion,1,0.9918976
partial_occlusion,1,0.7435322
partial_occlusion,1,0.8527961
partial_occlusion,1,0.7734163
partial_occlusion,0,9.427978e-10
partial_occlusion,0,1.5755073e-05
partial_occlusion,1,0.73797464
partial_occlusion,1,0.5827488
partial_occlusion,0,8.0738346e-08
partial_occlusion,0,3.565493e-07
partial_occlusion,0,4.2586023e-05
partial_occlusion,1,0.65789676
partial_occlusion,0,1.2031805e-06
partial_occlusion,0,4.225449e-08
partial_occlusion,0,1.8338031e-07
partial_occlusion,0,0.002228289
partial_occlusion,1,0.4428338
partial_occlusion,0,1.9900087e-07
partial_occlusion,1,0.97733307
partial_occlusion,0,6.5608824e-10
partial_occlusion,1,0.62859553
partial_occlusion,1,0.61413157
partial_occlusion,0,5.036495e-08
partial_occlusion,0,3.3813234e-05
partial_occlusion,1,0.75281644
partial_occlusion,0,4.629297e-13
partial_occlusion,1,0.43470114
partial_occlusion,1,0.12033493
partial_occlusion,0,1.5325449e-07
partial_occlusion,0,2.7308415e-08
partial_occlusion,1,0.10630232
partial_occlusion,0,0.000263655
partial_occlusion,0,6.34172e-09
partial_occlusion,0,1.6871295e-09
partial_occlusion,0,2.8422202e-09
partial_occlusion,0,5.330246e-05
partial_occlusion,1,0.9920172
partial_occlusion,0,5.873991e-08
partial_occlusion,0,0.000118255775
partial_occlusion,1,0.9996056
partial_occlusion,0,1.0673246e-07
partial_occlusion,0,1.3492312e-05
partial_occlusion,1,0.9988803
partial_occlusion,0,2.6746238e-05
partial_occlusion,0,1.4265926e-05
partial_occlusion,1,0.22674385
partial_occlusion,0,4.511272e-10
partial_occlusion,0,8.353171e-10
partial_occlusion,1,0.99782187
partial_occlusion,1,0.86933625
partial_occlusion,1,0.14687279
partial_occlusion,0,1.7887482e-08
partial_occlusion,1,0.34020036
partial_occlusion,0,3.0324735e-08
partial_occlusion,0,0.029025923
partial_occlusion,0,1.8201239e-06
partial_occlusion,1,0.93365383
partial_occlusion,1,0.77162546
partial_occlusion,1,0.78789616
partial_occlusion,1,0.7901789
partial_occlusion,0,0.004278247
partial_occlusion,1,0.5338058
partial_occlusion,1,0.6808864
partial_occlusion,0,3.301921e-10
partial_occlusion,1,0.6660014
partial_occlusion,0,1.6725204e-05
partial_occlusion,0,6.246841e-10
partial_occlusion,0,0.0026125659
partial_occlusion,0,0.0007920593
partial_occlusion,1,0.3584564
partial_occlusion,1,0.64894986
partial_occlusion,1,0.56305695
partial_occlusion,0,2.093013e-13
partial_occlusion,0,0.00026901579
partial_occlusion,1,0.4099078
partial_occlusion,1,0.66007775
partial_occlusion,0,0.9235265
partial_occlusion,0,0.00044512033
partial_occlusion,0,2.8232278e-06
partial_occlusion,1,0.2846632
partial_occlusion,1,0.55825555
partial_occlusion,1,0.72078466
partial_occlusion,0,2.032306e-08
partial_occlusion,1,0.85551226
partial_occlusion,1,0.33984843
partial_occlusion,0,0.00015651083
partial_occlusion,1,0.57512426
partial_occlusion,0,7.925178e-09
partial_occlusion,0,1.1123851e-07
partial_occlusion,0,8.505572e-09
partial_occlusion,1,0.59149545
partial_occlusion,1,0.84862995
partial_occlusion,0,1.7234735e-08
partial_occlusion,0,5.2022364e-07
partial_occlusion,0,6.04815e-09
partial_occlusion,1,0.069446065
partial_occlusion,1,0.66146153
partial_occlusion,1,0.75329655
partial_occlusion,1,0.44375718
partial_occlusion,0,2.4040736e-08
partial_occlusion,0,4.750411e-06
partial_occlusion,0,1.3566297e-09
partial_occlusion,0,4.055835e-06
partial_occlusion,0,1.9300408e-06
partial_occlusion,0,0.0010524326
partial_occlusion,0,0.0020028225
partial_occlusion,1,0.43457717
partial_occlusion,1,0.6674582
partial_occlusion,0,8.7977625e-08
partial_occlusion,0,2.5575221e-12
partial_occlusion,1,0.88218814
partial_occlusion,1,0.22231106
partial_occlusion,1,0.73420674
partial_occlusion,0,2.001852e-07
partial_occlusion,1,0.98377466
partial_occlusion,0,2.4613238e-08
partial_occlusion,1,0.671241
partial_occlusion,0,6.8619233e-06
partial_occlusion,1,0.8374259
partial_occlusion,1,0.57376444
partial_occlusion,0,1.4322463e-10
partial_occlusion,1,0.018015398
partial_occlusion,0,1.3292036e-08
partial_occlusion,0,1.3794957e-08
partial_occlusion,1,0.18713306
partial_occlusion,1,0.88873124
partial_occlusion,1,0.8738848
partial_occlusion,1,0.9616778
partial_occlusion,0,1.608696e-06
partial_occlusion,1,0.8814278
partial_occlusion,0,7.522589e-05
partial_occlusion,0,4.3521204e-06
partial_occlusion,1,0.76618505
partial_occlusion,0,1.9941448e-09
partial_occlusion,1,0.69752675
partial_occlusion,0,1.7994005e-08
partial_occlusion,1,0.5312708
partial_occlusion,0,1.932143e-09
partial_occlusion,1,0.8923574
partial_occlusion,1,0.46767008
partial_occlusion,1,0.70492315
partial_occlusion,0,6.959042e-09
partial_occlusion,1,0.9969102
partial_occlusion,0,0.00028323178
partial_occlusion,0,8.931868e-05
partial_occlusion,1,0.98700523
partial_occlusion,1,0.7162941
partial_occlusion,1,0.87411845
partial_occlusion,1,0.8394022
partial_occlusion,1,0.5490557
partial_occlusion,1,0.7728077
partial_occlusion,0,4.7764934e-09
partial_occlusion,0,0.00010604855
partial_occlusion,1,0.28746969
partial_occlusion,0,6.163703e-07
partial_occlusion,1,0.9207175
partial_occlusion,1,0.63855696
partial_occlusion,0,0.00076274486
partial_occlusion,1,0.96632314
partial_occlusion,0,0.00024337298
partial_occlusion,0,3.336739e-08
partial_occlusion,0,3.2140038e-10
partial_occlusion,1,0.95443505
partial_occlusion,0,1.4011198e-07
partial_occlusion,1,0.6763605
partial_occlusion,0,4.7636127e-12
partial_occlusion,1,0.72025895
partial_occlusion,0,2.985368e-08
partial_occlusion,0,1.5172577e-06
partial_occlusion,1,0.7884752
partial_occlusion,0,1.7544688e-05
partial_occlusion,1,0.84020275
partial_occlusion,0,0.0019003329
partial_occlusion,1,0.752364
partial_occlusion,1,0.9295636
partial_occlusion,0,1.2545386e-09
partial_occlusion,0,3.929628e-05
partial_occlusion,1,0.45907032
partial_occlusion,1,0.80931085
partial_occlusion,1,0.74846125
partial_occlusion,0,8.617619e-11
partial_occlusion,1,0.9838134
partial_occlusion,1,0.9988093
partial_occlusion,0,4.651192e-06
partial_occlusion,1,0.84129417
partial_occlusion,0,3.9135407e-06
partial_occlusion,0,1.6272266e-12
partial_occlusion,0,5.3845242e-06
partial_occlusion,1,0.8107114
partial_occlusion,1,0.41533482
partial_occlusion,0,2.5425747e-06
partial_occlusion,0,8.9781686e-05
partial_occlusion,1,0.46351972
partial_occlusion,1,0.23976965
partial_occlusion,1,0.22031723
partial_occlusion,1,0.86045355
partial_occlusion,1,0.7392361
partial_occlusion,1,0.67335457
partial_occlusion,0,4.6010362e-05
partial_occlusion,0,0.0041146846
partial_occlusion,0,0.0002795532
partial_occlusion,0,3.9299558e-10
partial_occlusion,1,0.6318495
partial_occlusion,1,0.9060852
partial_occlusion,1,0.5737196
partial_occlusion,0,2.844038e-12
partial_occlusion,1,0.34653693
partial_occlusion,1,0.48999617
partial_occlusion,1,0.8132342
partial_occlusion,0,5.8366005e-08
partial_occlusion,0,1.1370996e-08
partial_occlusion,1,0.2573578
partial_occlusion,0,5.4429378e-11
partial_occlusion,0,0.001559783
partial_occlusion,1,0.55901027
partial_occlusion,1,0.59488523
partial_occlusion,0,2.5762809e-14
partial_occlusion,1,0.5920622
partial_occlusion,1,0.5436404
partial_occlusion,0,3.8750634e-09
partial_occlusion,0,8.523188e-10
partial_occlusion,0,0.4484173
partial_occlusion,0,4.3232962e-11
partial_occlusion,1,0.98453116
partial_occlusion,1,0.9117485
partial_occlusion,1,0.2851855
partial_occlusion,1,0.58016956
partial_occlusion,1,0.9762663
partial_occlusion,0,7.347381e-05
partial_occlusion,1,0.698123
partial_occlusion,0,1.2894834e-08
partial_occlusion,1,0.48047832
partial_occlusion,1,0.9959379
partial_occlusion,1,0.8094681
partial_occlusion,0,1.1190059e-06
partial_occlusion,1,0.1648037
partial_occlusion,1,0.599025
partial_occlusion,1,0.41395855
partial_occlusion,0,8.0812415e-06
partial_occlusion,1,0.8929173
partial_occlusion,0,0.019920837
partial_occlusion,0,1.3685159e-06
partial_occlusion,1,0.55143213
partial_occlusion,0,2.3504626e-08
partial_occlusion,0,0.008396175
partial_occlusion,0,7.265279e-05
partial_occlusion,0,9.65743e-10
partial_occlusion,0,3.994487e-07
partial_occlusion,1,0.85013247
partial_occlusion,1,0.61486447
partial_occlusion,1,0.653947
partial_occlusion,0,8.936694e-09
partial_occlusion,1,0.9971927
partial_occlusion,1,0.7571074
partial_occlusion,0,2.6994186e-11
partial_occlusion,1,0.8330639
partial_occlusion,0,0.9963227
partial_occlusion,0,0.0013895583
partial_occlusion,0,4.648613e-09
partial_occlusion,0,4.1369506e-07
partial_occlusion,1,0.9463395
synthetic_glasses,1,0.972683
synthetic_glasses,0,0.024751643
synthetic_glasses,0,9.6766904e-05
synthetic_glasses,0,3.171358e-06
synthetic_glasses,1,0.5924655
synthetic_glasses,0,0.7241495
synthetic_glasses,0,0.001592415
synthetic_glasses,1,0.84216744
synthetic_glasses,0,8.745261e-06
synthetic_glasses,0,2.835225e-09
synthetic_glasses,1,0.35999665
synthetic_glasses,1,0.9788123
synthetic_glasses,1,0.656112
synthetic_glasses,1,0.38408208
synthetic_glasses,0,4.0007802e-05
synthetic_glasses,1,0.7524383
synthetic_glasses,0,2.3539238e-05
synthetic_glasses,0,2.9984876e-06
synthetic_glasses,0,0.12471431
synthetic_glasses,0,1.01941415e-11
synthetic_glasses,1,0.7483144
synthetic_glasses,1,0.82030463
synthetic_glasses,0,3.965349e-08
synthetic_glasses,0,4.974656e-09
synthetic_glasses,1,0.6627979
synthetic_glasses,1,0.78354114
synthetic_glasses,1,0.15011264
synthetic_glasses,0,3.2630658e-06
synthetic_glasses,1,0.6159556
synthetic_glasses,0,0.8307092
synthetic_glasses,0,1.0919144e-08
synthetic_glasses,1,0.99799263
synthetic_glasses,0,1.9569701e-09
synthetic_glasses,0,2.84664e-14
synthetic_glasses,1,0.8370803
synthetic_glasses,1,0.86778134
synthetic_glasses,1,0.6257343
synthetic_glasses,0,0.0027241418
synthetic_glasses,0,4.3678904e-07
synthetic_glasses,0,1.6909622e-05
synthetic_glasses,0,1.4584989e-10
synthetic_glasses,1,0.51095885
synthetic_glasses,1,0.7094728
synthetic_glasses,0,4.660192e-06
synthetic_glasses,0,8.720406e-09
synthetic_glasses,1,0.80410653
synthetic_glasses,1,0.3788349
synthetic_glasses,1,0.77527523
synthetic_glasses,0,6.406144e-08
synthetic_glasses,0,5.4908612e-11
synthetic_glasses,0,1.2687932e-06
synthetic_glasses,1,0.8378408
synthetic_glasses,1,0.8233119
synthetic_glasses,0,8.208368e-11
synthetic_glasses,0,2.4584948e-12
synthetic_glasses,0,4.993383e-09
synthetic_glasses,0,1.888878e-05
synthetic_glasses,1,0.6951411
synthetic_glasses,0,2.951004e-08
synthetic_glasses,0,1.6082168e-08
synthetic_glasses,1,0.7090507
synthetic_glasses,0,2.8593236e-05
synthetic_glasses,1,0.2517929
synthetic_glasses,1,0.1963174
synthetic_glasses,1,0.64293414
synthetic_glasses,1,0.70930105
synthetic_glasses,0,1.2698991e-11
synthetic_glasses,0,4.8765756e-05
synthetic_glasses,0,6.5493206e-09
synthetic_glasses,0,0.00013517734
synthetic_glasses,1,0.6466627
synthetic_glasses,0,2.7067316e-07
synthetic_glasses,0,4.3347173e-10
synthetic_glasses,1,0.981876
synthetic_glasses,1,0.8025394
synthetic_glasses,0,1.1813958e-05
synthetic_glasses,0,2.327701e-07
synthetic_glasses,0,0.0012058126
synthetic_glasses,0,0.00042526404
synthetic_glasses,0,1.0877694e-08
synthetic_glasses,1,0.81028247
synthetic_glasses,0,1.15102345e-08
synthetic_glasses,1,0.5159652
synthetic_glasses,1,0.3240015
synthetic_glasses,0,5.3167627e-05
synthetic_glasses,1,0.5689862
synthetic_glasses,1,0.9907739
synthetic_glasses,1,0.52811944
synthetic_glasses,1,0.71254766
synthetic_glasses,1,0.52518606
synthetic_glasses,0,3.7543423e-06
synthetic_glasses,0,1.8591261e-05
synthetic_glasses,0,2.4094435e-09
synthetic_glasses,1,0.67500055
synthetic_glasses,0,8.013872e-09
synthetic_glasses,1,0.98124444
synthetic_glasses,0,5.7315824e-06
synthetic_glasses,1,0.56541264
synthetic_glasses,1,0.64771897
synthetic_glasses,0,1.5333606e-05
synthetic_glasses,1,0.38074037
synthetic_glasses,1,0.3597313
synthetic_glasses,0,5.804747e-05
synthetic_glasses,0,4.974256e-05
synthetic_glasses,1,0.9466983
synthetic_glasses,1,0.9924701
synthetic_glasses,0,1.6013932e-09
synthetic_glasses,0,1.2825075e-08
synthetic_glasses,0,4.9324848e-05
synthetic_glasses,0,4.766603e-07
synthetic_glasses,0,0.00083489093
synthetic_glasses,0,0.0053357854
synthetic_glasses,1,0.7226756
synthetic_glasses,1,0.4881914
synthetic_glasses,1,0.9726161
synthetic_glasses,0,2.7195776e-08
synthetic_glasses,1,0.99320173
synthetic_glasses,0,5.4968634e-08
synthetic_glasses,1,0.9804896
synthetic_glasses,1,0.9778949
synthetic_glasses,0,3.0767555e-07
synthetic_glasses,0,1.3765311e-05
synthetic_glasses,1,0.8782599
synthetic_glasses,1,0.6123731
synthetic_glasses,1,0.7002199
synthetic_glasses,1,0.77643263
synthetic_glasses,0,2.0930596e-05
synthetic_glasses,0,0.0001954349
synthetic_glasses,0,1.3174503e-06
synthetic_glasses,1,0.83080685
synthetic_glasses,1,0.6608105
synthetic_glasses,1,0.992063
synthetic_glasses,1,0.3416986
synthetic_glasses,0,0.028887263
synthetic_glasses,0,5.9418603e-08
synthetic_glasses,0,9.5849675e-09
synthetic_glasses,1,0.5486032
synthetic_glasses,0,9.41368e-09
synthetic_glasses,0,1.3301109e-09
synthetic_glasses,1,0.713786
synthetic_glasses,1,0.52408195
synthetic_glasses,0,0.0011954659
synthetic_glasses,0,5.8640697e-09
synthetic_glasses,1,0.84359634
synthetic_glasses,1,0.73159915
synthetic_glasses,1,0.63546705
synthetic_glasses,0,0.00027084324
synthetic_glasses,0,1.8313998e-05
synthetic_glasses,0,1.854903e-11
synthetic_glasses,1,0.9717332
synthetic_glasses,1,0.8527825
synthetic_glasses,0,2.468091e-10
synthetic_glasses,1,0.63213646
synthetic_glasses,1,0.9843778
synthetic_glasses,1,0.9504495
synthetic_glasses,0,9.940711e-05
synthetic_glasses,0,5.8234337e-12
synthetic_glasses,1,0.87656814
synthetic_glasses,0,4.3961572e-07
synthetic_glasses,0,1.05571975e-10
synthetic_glasses,0,1.1903337e-09
synthetic_glasses,0,1.2289547e-06
synthetic_glasses,0,4.418265e-10
synthetic_glasses,0,1.5634737e-09
synthetic_glasses,1,0.4696101
synthetic_glasses,0,2.6672288e-07
synthetic_glasses,1,0.7248265
synthetic_glasses,1,0.98387516
synthetic_glasses,1,0.77205133
synthetic_glasses,0,3.4055496e-08
synthetic_glasses,0,3.1356926e-09
synthetic_glasses,1,0.6283376
synthetic_glasses,1,0.9499273
synthetic_glasses,1,0.7285884
synthetic_glasses,1,0.11502935
synthetic_glasses,1,0.007902296
synthetic_glasses,0,4.2011036e-10
synthetic_glasses,0,0.046022512
synthetic_glasses,0,1.3945353e-08
synthetic_glasses,1,0.5681696
synthetic_glasses,1,0.88692445
synthetic_glasses,1,0.6610291
synthetic_glasses,1,0.8906308
synthetic_glasses,1,0.5136261
synthetic_glasses,1,0.5740993
synthetic_glasses,0,7.664324e-05
synthetic_glasses,1,0.62786627
synthetic_glasses,0,1.0919393e-08
synthetic_glasses,0,2.5783482e-08
synthetic_glasses,1,0.65722203
synthetic_glasses,1,0.60546935
synthetic_glasses,1,0.77325183
synthetic_glasses,1,0.62571716
synthetic_glasses,1,0.9674612
synthetic_glasses,1,0.37450433
synthetic_glasses,1,0.8587648
synthetic_glasses,0,1.3102406e-06
synthetic_glasses,0,2.1225474e-05
synthetic_glasses,1,0.8729526
synthetic_glasses,0,2.3642104e-07
synthetic_glasses,1,0.9764213
synthetic_glasses,0,2.6613178e-10
synthetic_glasses,1,0.44624355
synthetic_glasses,0,1.2667276e-05
synthetic_glasses,1,0.68908674
synthetic_glasses,0,0.0019717126
synthetic_glasses,0,3.721575e-06
synthetic_glasses,1,0.50100684
synthetic_glasses,0,2.9829007e-06
synthetic_glasses,1,0.45471963
synthetic_glasses,0,0.0001912343
synthetic_glasses,0,1.9176662e-09
synthetic_glasses,1,0.8935851
synthetic_glasses,0,1.06456666e-13
synthetic_glasses,0,2.3793245e-13
synthetic_glasses,1,0.9317528
synthetic_glasses,0,1.6890935e-07
synthetic_glasses,1,0.6100559
synthetic_glasses,1,0.5564538
synthetic_glasses,0,0.008483996
synthetic_glasses,0,6.864732e-12
synthetic_glasses,0,4.259955e-05
synthetic_glasses,0,4.02518e-09
synthetic_glasses,1,0.5870281
synthetic_glasses,1,0.9832933
synthetic_glasses,0,0.002647665
synthetic_glasses,0,3.0187486e-09
synthetic_glasses,1,0.19428676
synthetic_glasses,1,0.6375145
synthetic_glasses,1,0.72090584
synthetic_glasses,1,0.9381892
synthetic_glasses,0,2.5157593e-08
synthetic_glasses,0,4.945802e-07
synthetic_glasses,0,3.5518977e-09
synthetic_glasses,1,0.8458048
synthetic_glasses,1,0.7066048
synthetic_glasses,1,0.9527178
synthetic_glasses,0,6.060682e-08
synthetic_glasses,0,7.056601e-09
synthetic_glasses,1,0.99637526
synthetic_glasses,1,0.57979834
synthetic_glasses,1,0.85962826
synthetic_glasses,1,0.4943833
synthetic_glasses,0,1.4617406e-10
synthetic_glasses,0,2.2413444e-06
synthetic_glasses,1,0.6689139
synthetic_glasses,1,0.7172835
synthetic_glasses,0,8.946522e-08
synthetic_glasses,0,9.2964416e-07
synthetic_glasses,0,1.3470031e-05
synthetic_glasses,1,0.6770905
synthetic_glasses,0,2.4233696e-06
synthetic_glasses,0,6.493437e-08
synthetic_glasses,0,1.30887e-07
synthetic_glasses,0,0.0007815799
synthetic_glasses,1,0.47199067
synthetic_glasses,0,2.4159613e-07
synthetic_glasses,1,0.98591983
synthetic_glasses,0,5.085634e-10
synthetic_glasses,1,0.45047605
synthetic_glasses,1,0.43141794
synthetic_glasses,0,1.0895261e-08
synthetic_glasses,0,3.743774e-05
synthetic_glasses,1,0.6144333
synthetic_glasses,0,7.897607e-13
synthetic_glasses,1,0.602689
synthetic_glasses,1,0.19059755
synthetic_glasses,0,1.2274303e-07
synthetic_glasses,0,7.4136848e-09
synthetic_glasses,1,0.14790364
synthetic_glasses,0,0.00052175985
synthetic_glasses,0,1.6392065e-09
synthetic_glasses,0,6.84039e-10
synthetic_glasses,0,6.9767307e-09
synthetic_glasses,0,9.158191e-05
synthetic_glasses,1,0.99661964
synthetic_glasses,0,1.3979167e-07
synthetic_glasses,0,3.1814263e-05
synthetic_glasses,1,0.99987435
synthetic_glasses,0,9.8162396e-08
synthetic_glasses,0,1.6292695e-05
synthetic_glasses,1,0.99964684
synthetic_glasses,0,9.087309e-06
synthetic_glasses,0,8.683588e-06
synthetic_glasses,1,0.7244761
synthetic_glasses,0,4.120287e-10
synthetic_glasses,0,5.7402566e-10
synthetic_glasses,1,0.9991476
synthetic_glasses,1,0.8599831
synthetic_glasses,1,0.37447178
synthetic_glasses,0,4.9192974e-09
synthetic_glasses,1,0.3171539
synthetic_glasses,0,1.5289297e-08
synthetic_glasses,0,0.010107453
synthetic_glasses,0,1.5210506e-06
synthetic_glasses,1,0.8973327
synthetic_glasses,1,0.84098995
synthetic_glasses,1,0.84165865
synthetic_glasses,1,0.78796417
synthetic_glasses,0,0.0026504204
synthetic_glasses,1,0.67042464
synthetic_glasses,1,0.716877
synthetic_glasses,0,2.8217198e-10
synthetic_glasses,1,0.60745895
synthetic_glasses,0,1.0677267e-05
synthetic_glasses,0,2.0805938e-10
synthetic_glasses,0,0.013292405
synthetic_glasses,0,0.000105252264
synthetic_glasses,1,0.30342165
synthetic_glasses,1,0.5316372
synthetic_glasses,1,0.5342432
synthetic_glasses,0,4.4263643e-13
synthetic_glasses,0,0.0002850985
synthetic_glasses,1,0.5761964
synthetic_glasses,1,0.6875855
synthetic_glasses,0,0.9284387
synthetic_glasses,0,8.5558204e-05
synthetic_glasses,0,5.396371e-07
synthetic_glasses,1,0.57800376
synthetic_glasses,1,0.6572525
synthetic_glasses,1,0.60095835
synthetic_glasses,0,2.7418436e-08
synthetic_glasses,1,0.75827503
synthetic_glasses,1,0.315666
synthetic_glasses,0,1.4229391e-05
synthetic_glasses,1,0.4325015
synthetic_glasses,0,1.3243038e-09
synthetic_glasses,0,6.917926e-08
synthetic_glasses,0,8.9649825e-09
synthetic_glasses,1,0.96868324
synthetic_glasses,1,0.6484848
synthetic_glasses,0,2.4505031e-08
synthetic_glasses,0,6.793975e-07
synthetic_glasses,0,7.159105e-09
synthetic_glasses,1,0.14755985
synthetic_glasses,1,0.6985928
synthetic_glasses,1,0.70247877
synthetic_glasses,1,0.65324855
synthetic_glasses,0,4.806231e-09
synthetic_glasses,0,3.277568e-06
synthetic_glasses,0,2.9864942e-09
synthetic_glasses,0,7.645969e-06
synthetic_glasses,0,6.9902467e-07
synthetic_glasses,0,0.0022720343
synthetic_glasses,0,0.0010577368
synthetic_glasses,1,0.43244228
synthetic_glasses,1,0.63359106
synthetic_glasses,0,5.936502e-08
synthetic_glasses,0,1.8348064e-12
synthetic_glasses,1,0.9748623
synthetic_glasses,1,0.53588206
synthetic_glasses,1,0.8198783
synthetic_glasses,0,1.9853303e-07
synthetic_glasses,1,0.9792654
synthetic_glasses,0,1.1020201e-08
synthetic_glasses,1,0.6487512
synthetic_glasses,0,6.201707e-06
synthetic_glasses,1,0.88387084
synthetic_glasses,1,0.7491268
synthetic_glasses,0,3.0678243e-10
synthetic_glasses,1,0.021530464
synthetic_glasses,0,4.0324575e-09
synthetic_glasses,0,1.8716802e-08
synthetic_glasses,1,0.069439724
synthetic_glasses,1,0.72546035
synthetic_glasses,1,0.89058733
synthetic_glasses,1,0.685112
synthetic_glasses,0,5.196346e-07
synthetic_glasses,1,0.9900239
synthetic_glasses,0,4.390734e-05
synthetic_glasses,0,9.767743e-07
synthetic_glasses,1,0.88950604
synthetic_glasses,0,1.4501005e-09
synthetic_glasses,1,0.97276235
synthetic_glasses,0,3.4680582e-08
synthetic_glasses,1,0.7532169
synthetic_glasses,0,1.0119954e-09
synthetic_glasses,1,0.90559494
synthetic_glasses,1,0.725529
synthetic_glasses,1,0.56973505
synthetic_glasses,0,2.1986193e-09
synthetic_glasses,1,0.9911374
synthetic_glasses,0,7.353508e-05
synthetic_glasses,0,2.2471542e-05
synthetic_glasses,1,0.9788763
synthetic_glasses,1,0.7857318
synthetic_glasses,1,0.8023981
synthetic_glasses,1,0.7835007
synthetic_glasses,1,0.5833072
synthetic_glasses,1,0.8214614
synthetic_glasses,0,1.7763038e-09
synthetic_glasses,0,5.1310566e-05
synthetic_glasses,1,0.37178937
synthetic_glasses,0,5.689657e-07
synthetic_glasses,1,0.8975951
synthetic_glasses,1,0.52769536
synthetic_glasses,0,0.0005480107
synthetic_glasses,1,0.98729575
synthetic_glasses,0,0.0002073911
synthetic_glasses,0,9.460103e-08
synthetic_glasses,0,2.6993116e-10
synthetic_glasses,1,0.94596213
synthetic_glasses,0,1.2529482e-07
synthetic_glasses,1,0.74474037
synthetic_glasses,0,2.6030896e-12
synthetic_glasses,1,0.13446519
synthetic_glasses,0,4.830495e-08
synthetic_glasses,0,4.8408026e-07
synthetic_glasses,1,0.7824171
synthetic_glasses,0,1.3993673e-05
synthetic_glasses,1,0.6557908
synthetic_glasses,0,0.0035258448
synthetic_glasses,1,0.58115214
synthetic_glasses,1,0.79386187
synthetic_glasses,0,7.65982e-10
synthetic_glasses,0,2.1712363e-05
synthetic_glasses,1,0.6357194
synthetic_glasses,1,0.6325918
synthetic_glasses,1,0.6594132
synthetic_glasses,0,4.3115865e-11
synthetic_glasses,1,0.9947175
synthetic_glasses,1,0.9981999
synthetic_glasses,0,2.6299074e-06
synthetic_glasses,1,0.72712135
synthetic_glasses,0,1.5243485e-06
synthetic_glasses,0,1.9860947e-12
synthetic_glasses,0,3.856025e-06
synthetic_glasses,1,0.73840463
synthetic_glasses,1,0.39816284
synthetic_glasses,0,2.915356e-06
synthetic_glasses,0,0.00038983088
synthetic_glasses,1,0.64030445
synthetic_glasses,1,0.5897403
synthetic_glasses,1,0.27976516
synthetic_glasses,1,0.7472608
synthetic_glasses,1,0.8059268
synthetic_glasses,1,0.5762293
synthetic_glasses,0,0.00010622567
synthetic_glasses,0,0.0014329017
synthetic_glasses,0,0.00029908662
synthetic_glasses,0,3.8292142e-10
synthetic_glasses,1,0.63580644
synthetic_glasses,1,0.9059314
synthetic_glasses,1,0.69030845
synthetic_glasses,0,3.300438e-12
synthetic_glasses,1,0.56180066
synthetic_glasses,1,0.4090181
synthetic_glasses,1,0.6691634
synthetic_glasses,0,2.2873857e-08
synthetic_glasses,0,1.4006606e-09
synthetic_glasses,1,0.528142
synthetic_glasses,0,3.607732e-11
synthetic_glasses,0,0.00078409264
synthetic_glasses,1,0.63002443
synthetic_glasses,1,0.5826222
synthetic_glasses,0,3.7253593e-14
synthetic_glasses,1,0.55020237
synthetic_glasses,1,0.39101905
synthetic_glasses,0,6.7240356e-09
synthetic_glasses,0,1.2774144e-09
synthetic_glasses,0,0.716101
synthetic_glasses,0,7.46473e-11
synthetic_glasses,1,0.98753256
synthetic_glasses,1,0.5396367
synthetic_glasses,1,0.25414497
synthetic_glasses,1,0.7283565
synthetic_glasses,1,0.9945311
synthetic_glasses,0,0.0002895711
synthetic_glasses,1,0.8188242
synthetic_glasses,0,7.996878e-09
synthetic_glasses,1,0.51563084
synthetic_glasses,1,0.9969835
synthetic_glasses,1,0.59380674
synthetic_glasses,0,1.4714425e-06
synthetic_glasses,1,0.18911657
synthetic_glasses,1,0.55855715
synthetic_glasses,1,0.6146277
synthetic_glasses,0,4.712931e-06
synthetic_glasses,1,0.93231016
synthetic_glasses,0,0.012058414
synthetic_glasses,0,4.5328002e-07
synthetic_glasses,1,0.66701174
synthetic_glasses,0,9.543867e-09
synthetic_glasses,0,0.0002369518
synthetic_glasses,0,3.7042228e-05
synthetic_glasses,0,2.496746e-10
synthetic_glasses,0,1.0843512e-06
synthetic_glasses,1,0.9185146
synthetic_glasses,1,0.5493052
synthetic_glasses,1,0.69497895
synthetic_glasses,0,4.251908e-09
synthetic_glasses,1,0.99048966
synthetic_glasses,1,0.7588107
synthetic_glasses,0,8.157717e-12
synthetic_glasses,1,0.6732938
synthetic_glasses,0,0.997968
synthetic_glasses,0,0.0010210123
synthetic_glasses,0,3.900104e-09
synthetic_glasses,0,1.473432e-07
synthetic_glasses,1,0.95058995
synthetic_beard_shadow,1,0.94814634
synthetic_beard_shadow,0,0.01239731
synthetic_beard_shadow,0,2.6750397e-05
synthetic_beard_shadow,0,1.975987e-06
synthetic_beard_shadow,1,0.5942155
synthetic_beard_shadow,0,0.64762044
synthetic_beard_shadow,0,0.00058879226
synthetic_beard_shadow,1,0.5013015
synthetic_beard_shadow,0,4.4073163e-06
synthetic_beard_shadow,0,8.31767e-10
synthetic_beard_shadow,1,0.21439648
synthetic_beard_shadow,1,0.9581964
synthetic_beard_shadow,1,0.7318853
synthetic_beard_shadow,1,0.3489323
synthetic_beard_shadow,0,0.00011501549
synthetic_beard_shadow,1,0.67337734
synthetic_beard_shadow,0,3.8779413e-06
synthetic_beard_shadow,0,3.6574187e-07
synthetic_beard_shadow,0,0.063144624
synthetic_beard_shadow,0,5.3024694e-12
synthetic_beard_shadow,1,0.6867056
synthetic_beard_shadow,1,0.8571491
synthetic_beard_shadow,0,7.7068805e-09
synthetic_beard_shadow,0,6.0880683e-09
synthetic_beard_shadow,1,0.14405908
synthetic_beard_shadow,1,0.82839996
synthetic_beard_shadow,1,0.19071308
synthetic_beard_shadow,0,3.647763e-05
synthetic_beard_shadow,1,0.700531
synthetic_beard_shadow,0,0.66450435
synthetic_beard_shadow,0,4.9627715e-09
synthetic_beard_shadow,1,0.9992145
synthetic_beard_shadow,0,6.5676686e-10
synthetic_beard_shadow,0,6.2018063e-15
synthetic_beard_shadow,1,0.91869664
synthetic_beard_shadow,1,0.75321066
synthetic_beard_shadow,1,0.09894061
synthetic_beard_shadow,0,0.0035795628
synthetic_beard_shadow,0,8.165314e-08
synthetic_beard_shadow,0,4.072692e-05
synthetic_beard_shadow,0,6.463229e-11
synthetic_beard_shadow,1,0.80151486
synthetic_beard_shadow,1,0.69881296
synthetic_beard_shadow,0,2.1991063e-06
synthetic_beard_shadow,0,2.4086668e-09
synthetic_beard_shadow,1,0.7218145
synthetic_beard_shadow,1,0.5404428
synthetic_beard_shadow,1,0.7132747
synthetic_beard_shadow,0,1.717036e-08
synthetic_beard_shadow,0,2.980448e-11
synthetic_beard_shadow,0,4.945222e-07
synthetic_beard_shadow,1,0.76283497
synthetic_beard_shadow,1,0.86341566
synthetic_beard_shadow,0,3.6532468e-11
synthetic_beard_shadow,0,1.3956449e-12
synthetic_beard_shadow,0,4.4083674e-09
synthetic_beard_shadow,0,3.474714e-06
synthetic_beard_shadow,1,0.66991687
synthetic_beard_shadow,0,1.8010555e-08
synthetic_beard_shadow,0,1.5885622e-08
synthetic_beard_shadow,1,0.5379939
synthetic_beard_shadow,0,0.0002931329
synthetic_beard_shadow,1,0.13156469
synthetic_beard_shadow,1,0.11716135
synthetic_beard_shadow,1,0.6964415
synthetic_beard_shadow,1,0.62440413
synthetic_beard_shadow,0,7.686654e-12
synthetic_beard_shadow,0,0.00015873897
synthetic_beard_shadow,0,3.6878565e-09
synthetic_beard_shadow,0,8.774524e-05
synthetic_beard_shadow,1,0.5540023
synthetic_beard_shadow,0,1.8460115e-08
synthetic_beard_shadow,0,2.1993271e-10
synthetic_beard_shadow,1,0.9342991
synthetic_beard_shadow,1,0.8657559
synthetic_beard_shadow,0,0.0001663321
synthetic_beard_shadow,0,7.689573e-08
synthetic_beard_shadow,0,0.00035099566
synthetic_beard_shadow,0,0.00082255946
synthetic_beard_shadow,0,2.0189446e-09
synthetic_beard_shadow,1,0.6020903
synthetic_beard_shadow,0,1.2259452e-08
synthetic_beard_shadow,1,0.2467775
synthetic_beard_shadow,1,0.28486785
synthetic_beard_shadow,0,0.00087607803
synthetic_beard_shadow,1,0.4911929
synthetic_beard_shadow,1,0.992087
synthetic_beard_shadow,1,0.42911926
synthetic_beard_shadow,1,0.66454923
synthetic_beard_shadow,1,0.30012923
synthetic_beard_shadow,0,1.4346957e-06
synthetic_beard_shadow,0,5.7610214e-06
synthetic_beard_shadow,0,7.042722e-10
synthetic_beard_shadow,1,0.556355
synthetic_beard_shadow,0,2.3633229e-09
synthetic_beard_shadow,1,0.9735842
synthetic_beard_shadow,0,2.0592724e-06
synthetic_beard_shadow,1,0.07661166
synthetic_beard_shadow,1,0.50869715
synthetic_beard_shadow,0,5.8624737e-06
synthetic_beard_shadow,1,0.26410526
synthetic_beard_shadow,1,0.2631457
synthetic_beard_shadow,0,2.7691296e-05
synthetic_beard_shadow,0,7.5770968e-06
synthetic_beard_shadow,1,0.9731017
synthetic_beard_shadow,1,0.9538681
synthetic_beard_shadow,0,1.7253772e-09
synthetic_beard_shadow,0,3.4533056e-08
synthetic_beard_shadow,0,0.00023045288
synthetic_beard_shadow,0,9.82643e-08
synthetic_beard_shadow,0,0.00017548553
synthetic_beard_shadow,0,0.0047593876
synthetic_beard_shadow,1,0.47585773
synthetic_beard_shadow,1,0.62563217
synthetic_beard_shadow,1,0.8747537
synthetic_beard_shadow,0,1.4764811e-08
synthetic_beard_shadow,1,0.9960395
synthetic_beard_shadow,0,6.3726393e-09
synthetic_beard_shadow,1,0.9478205
synthetic_beard_shadow,1,0.97258747
synthetic_beard_shadow,0,3.1205911e-07
synthetic_beard_shadow,0,2.5994814e-06
synthetic_beard_shadow,1,0.93696713
synthetic_beard_shadow,1,0.47024032
synthetic_beard_shadow,1,0.82454234
synthetic_beard_shadow,1,0.8563359
synthetic_beard_shadow,0,3.977969e-06
synthetic_beard_shadow,0,0.00020961369
synthetic_beard_shadow,0,4.3535596e-07
synthetic_beard_shadow,1,0.71284366
synthetic_beard_shadow,1,0.2200303
synthetic_beard_shadow,1,0.99709976
synthetic_beard_shadow,1,0.29220614
synthetic_beard_shadow,0,0.044059295
synthetic_beard_shadow,0,2.4069672e-07
synthetic_beard_shadow,0,3.2542875e-08
synthetic_beard_shadow,1,0.3454488
synthetic_beard_shadow,0,4.102308e-09
synthetic_beard_shadow,0,1.0252552e-09
synthetic_beard_shadow,1,0.75196004
synthetic_beard_shadow,1,0.60370934
synthetic_beard_shadow,0,0.00031121963
synthetic_beard_shadow,0,1.9679898e-09
synthetic_beard_shadow,1,0.51676965
synthetic_beard_shadow,1,0.7446833
synthetic_beard_shadow,1,0.8341612
synthetic_beard_shadow,0,0.00018556994
synthetic_beard_shadow,0,2.2856752e-06
synthetic_beard_shadow,0,8.86213e-12
synthetic_beard_shadow,1,0.8989396
synthetic_beard_shadow,1,0.8284296
synthetic_beard_shadow,0,3.763481e-11
synthetic_beard_shadow,1,0.50718856
synthetic_beard_shadow,1,0.9809543
synthetic_beard_shadow,1,0.9379693
synthetic_beard_shadow,0,0.00014749785
synthetic_beard_shadow,0,4.4733865e-12
synthetic_beard_shadow,1,0.75981486
synthetic_beard_shadow,0,3.7086536e-06
synthetic_beard_shadow,0,3.809086e-11
synthetic_beard_shadow,0,2.2955696e-10
synthetic_beard_shadow,0,1.8601764e-07
synthetic_beard_shadow,0,1.0920714e-10
synthetic_beard_shadow,0,7.458002e-10
synthetic_beard_shadow,1,0.7272707
synthetic_beard_shadow,0,6.522683e-08
synthetic_beard_shadow,1,0.5867306
synthetic_beard_shadow,1,0.97574735
synthetic_beard_shadow,1,0.7160441
synthetic_beard_shadow,0,1.38631675e-08
synthetic_beard_shadow,0,6.6875927e-10
synthetic_beard_shadow,1,0.35939947
synthetic_beard_shadow,1,0.9855211
synthetic_beard_shadow,1,0.7421291
synthetic_beard_shadow,1,0.03361935
synthetic_beard_shadow,1,0.013167393
synthetic_beard_shadow,0,1.5336833e-10
synthetic_beard_shadow,0,0.023785153
synthetic_beard_shadow,0,1.2607085e-08
synthetic_beard_shadow,1,0.3853939
synthetic_beard_shadow,1,0.7868097
synthetic_beard_shadow,1,0.2000533
synthetic_beard_shadow,1,0.63170964
synthetic_beard_shadow,1,0.36427608
synthetic_beard_shadow,1,0.57565945
synthetic_beard_shadow,0,1.1888867e-05
synthetic_beard_shadow,1,0.4464795
synthetic_beard_shadow,0,9.017236e-09
synthetic_beard_shadow,0,4.96318e-08
synthetic_beard_shadow,1,0.15557818
synthetic_beard_shadow,1,0.3994899
synthetic_beard_shadow,1,0.5429884
synthetic_beard_shadow,1,0.5380298
synthetic_beard_shadow,1,0.8080524
synthetic_beard_shadow,1,0.22766684
synthetic_beard_shadow,1,0.7627983
synthetic_beard_shadow,0,3.8829933e-07
synthetic_beard_shadow,0,0.00011099249
synthetic_beard_shadow,1,0.53777933
synthetic_beard_shadow,0,2.1633126e-08
synthetic_beard_shadow,1,0.96660626
synthetic_beard_shadow,0,2.768288e-10
synthetic_beard_shadow,1,0.1689332
synthetic_beard_shadow,0,4.810659e-06
synthetic_beard_shadow,1,0.71837723
synthetic_beard_shadow,0,0.015920589
synthetic_beard_shadow,0,1.0273992e-06
synthetic_beard_shadow,1,0.29454204
synthetic_beard_shadow,0,4.125592e-07
synthetic_beard_shadow,1,0.1897726
synthetic_beard_shadow,0,3.332692e-05
synthetic_beard_shadow,0,1.5827122e-09
synthetic_beard_shadow,1,0.90255404
synthetic_beard_shadow,0,1.3558637e-13
synthetic_beard_shadow,0,5.9516194e-14
synthetic_beard_shadow,1,0.85150504
synthetic_beard_shadow,0,4.1949423e-08
synthetic_beard_shadow,1,0.7709157
synthetic_beard_shadow,1,0.74979955
synthetic_beard_shadow,0,0.005259286
synthetic_beard_shadow,0,4.1282277e-12
synthetic_beard_shadow,0,2.731826e-05
synthetic_beard_shadow,0,1.04326014e-08
synthetic_beard_shadow,1,0.67383015
synthetic_beard_shadow,1,0.99639904
synthetic_beard_shadow,0,0.00072542287
synthetic_beard_shadow,0,2.041497e-09
synthetic_beard_shadow,1,0.11909728
synthetic_beard_shadow,1,0.67165625
synthetic_beard_shadow,1,0.79858035
synthetic_beard_shadow,1,0.84792143
synthetic_beard_shadow,0,4.0120582e-09
synthetic_beard_shadow,0,3.7931668e-06
synthetic_beard_shadow,0,5.8027394e-10
synthetic_beard_shadow,1,0.76339126
synthetic_beard_shadow,1,0.7147614
synthetic_beard_shadow,1,0.9754314
synthetic_beard_shadow,0,2.7774727e-08
synthetic_beard_shadow,0,2.9185438e-08
synthetic_beard_shadow,1,0.9900009
synthetic_beard_shadow,1,0.6664777
synthetic_beard_shadow,1,0.7758122
synthetic_beard_shadow,1,0.7221459
synthetic_beard_shadow,0,2.023207e-10
synthetic_beard_shadow,0,1.0346951e-05
synthetic_beard_shadow,1,0.34923607
synthetic_beard_shadow,1,0.5195689
synthetic_beard_shadow,0,3.9076266e-08
synthetic_beard_shadow,0,2.2644768e-07
synthetic_beard_shadow,0,1.8569766e-05
synthetic_beard_shadow,1,0.75525445
synthetic_beard_shadow,0,4.919792e-07
synthetic_beard_shadow,0,8.759129e-09
synthetic_beard_shadow,0,8.9665434e-08
synthetic_beard_shadow,0,0.00027406006
synthetic_beard_shadow,1,0.19268537
synthetic_beard_shadow,0,1.0594671e-07
synthetic_beard_shadow,1,0.8685784
synthetic_beard_shadow,0,1.6146637e-10
synthetic_beard_shadow,1,0.5722039
synthetic_beard_shadow,1,0.4480282
synthetic_beard_shadow,0,2.0132585e-08
synthetic_beard_shadow,0,7.9301235e-06
synthetic_beard_shadow,1,0.8140945
synthetic_beard_shadow,0,2.8664137e-13
synthetic_beard_shadow,1,0.40111223
synthetic_beard_shadow,1,0.1646519
synthetic_beard_shadow,0,6.003032e-08
synthetic_beard_shadow,0,9.747207e-09
synthetic_beard_shadow,1,0.07888815
synthetic_beard_shadow,0,0.00011029846
synthetic_beard_shadow,0,1.5258e-09
synthetic_beard_shadow,0,4.685079e-10
synthetic_beard_shadow,0,1.1527211e-09
synthetic_beard_shadow,0,9.712914e-06
synthetic_beard_shadow,1,0.99433064
synthetic_beard_shadow,0,1.7104691e-08
synthetic_beard_shadow,0,5.7181867e-05
synthetic_beard_shadow,1,0.9996619
synthetic_beard_shadow,0,1.0765619e-07
synthetic_beard_shadow,0,3.2924959e-06
synthetic_beard_shadow,1,0.9982609
synthetic_beard_shadow,0,6.162656e-05
synthetic_beard_shadow,0,1.079079e-05
synthetic_beard_shadow,1,0.09523657
synthetic_beard_shadow,0,1.8240333e-10
synthetic_beard_shadow,0,1.22673e-10
synthetic_beard_shadow,1,0.9952058
synthetic_beard_shadow,1,0.83186436
synthetic_beard_shadow,1,0.34602526
synthetic_beard_shadow,0,3.523262e-09
synthetic_beard_shadow,1,0.23058514
synthetic_beard_shadow,0,4.509975e-09
synthetic_beard_shadow,0,0.004027138
synthetic_beard_shadow,0,3.9449804e-07
synthetic_beard_shadow,1,0.957262
synthetic_beard_shadow,1,0.6203469
synthetic_beard_shadow,1,0.739879
synthetic_beard_shadow,1,0.6995956
synthetic_beard_shadow,0,0.010100232
synthetic_beard_shadow,1,0.39492795
synthetic_beard_shadow,1,0.5532929
synthetic_beard_shadow,0,4.9556522e-11
synthetic_beard_shadow,1,0.5666158
synthetic_beard_shadow,0,2.2848667e-06
synthetic_beard_shadow,0,4.9352805e-10
synthetic_beard_shadow,0,0.003015824
synthetic_beard_shadow,0,0.00045782584
synthetic_beard_shadow,1,0.23832302
synthetic_beard_shadow,1,0.41094425
synthetic_beard_shadow,1,0.70734215
synthetic_beard_shadow,0,8.6629095e-14
synthetic_beard_shadow,0,7.429576e-05
synthetic_beard_shadow,1,0.45261443
synthetic_beard_shadow,1,0.82130253
synthetic_beard_shadow,0,0.8799117
synthetic_beard_shadow,0,0.0002908308
synthetic_beard_shadow,0,3.393542e-07
synthetic_beard_shadow,1,0.49751186
synthetic_beard_shadow,1,0.5648378
synthetic_beard_shadow,1,0.6717175
synthetic_beard_shadow,0,7.217154e-09
synthetic_beard_shadow,1,0.8358012
synthetic_beard_shadow,1,0.31863663
synthetic_beard_shadow,0,6.0018338e-05
synthetic_beard_shadow,1,0.41933554
synthetic_beard_shadow,0,1.9325004e-09
synthetic_beard_shadow,0,4.522563e-08
synthetic_beard_shadow,0,1.9110475e-08
synthetic_beard_shadow,1,0.8976045
synthetic_beard_shadow,1,0.5894564
synthetic_beard_shadow,0,1.7621451e-08
synthetic_beard_shadow,0,9.11202e-08
synthetic_beard_shadow,0,1.9606914e-09
synthetic_beard_shadow,1,0.13712716
synthetic_beard_shadow,1,0.24991155
synthetic_beard_shadow,1,0.79097986
synthetic_beard_shadow,1,0.34285668
synthetic_beard_shadow,0,1.6380978e-08
synthetic_beard_shadow,0,1.8366311e-06
synthetic_beard_shadow,0,5.9283833e-10
synthetic_beard_shadow,0,3.3331298e-07
synthetic_beard_shadow,0,1.9871898e-06
synthetic_beard_shadow,0,0.00031877632
synthetic_beard_shadow,0,0.00628178
synthetic_beard_shadow,1,0.3805291
synthetic_beard_shadow,1,0.6379621
synthetic_beard_shadow,0,7.186182e-08
synthetic_beard_shadow,0,9.333671e-13
synthetic_beard_shadow,1,0.9820513
synthetic_beard_shadow,1,0.48776433
synthetic_beard_shadow,1,0.7293354
synthetic_beard_shadow,0,1.564139e-07
synthetic_beard_shadow,1,0.9543893
synthetic_beard_shadow,0,5.8336815e-09
synthetic_beard_shadow,1,0.93071604
synthetic_beard_shadow,0,1.9885244e-06
synthetic_beard_shadow,1,0.84277904
synthetic_beard_shadow,1,0.13127078
synthetic_beard_shadow,0,2.9089915e-11
synthetic_beard_shadow,1,0.030245231
synthetic_beard_shadow,0,4.397811e-09
synthetic_beard_shadow,0,5.0671534e-09
synthetic_beard_shadow,1,0.08574132
synthetic_beard_shadow,1,0.8018235
synthetic_beard_shadow,1,0.8057945
synthetic_beard_shadow,1,0.88418514
synthetic_beard_shadow,0,1.3255361e-06
synthetic_beard_shadow,1,0.9354408
synthetic_beard_shadow,0,2.0152362e-05
synthetic_beard_shadow,0,2.7312014e-06
synthetic_beard_shadow,1,0.7377833
synthetic_beard_shadow,0,7.0878525e-10
synthetic_beard_shadow,1,0.98707044
synthetic_beard_shadow,0,1.756732e-08
synthetic_beard_shadow,1,0.7668841
synthetic_beard_shadow,0,1.0218232e-09
synthetic_beard_shadow,1,0.801044
synthetic_beard_shadow,1,0.13515756
synthetic_beard_shadow,1,0.34269062
synthetic_beard_shadow,0,3.222992e-09
synthetic_beard_shadow,1,0.9858605
synthetic_beard_shadow,0,7.133312e-05
synthetic_beard_shadow,0,1.7540155e-05
synthetic_beard_shadow,1,0.9737562
synthetic_beard_shadow,1,0.7140961
synthetic_beard_shadow,1,0.865437
synthetic_beard_shadow,1,0.74366546
synthetic_beard_shadow,1,0.54534984
synthetic_beard_shadow,1,0.8685422
synthetic_beard_shadow,0,1.2632981e-09
synthetic_beard_shadow,0,2.4734012e-05
synthetic_beard_shadow,1,0.3379706
synthetic_beard_shadow,0,7.303045e-07
synthetic_beard_shadow,1,0.94749844
synthetic_beard_shadow,1,0.59949183
synthetic_beard_shadow,0,0.0013588655
synthetic_beard_shadow,1,0.98526096
synthetic_beard_shadow,0,0.0003490462
synthetic_beard_shadow,0,2.848517e-08
synthetic_beard_shadow,0,1.1774777e-10
synthetic_beard_shadow,1,0.94498587
synthetic_beard_shadow,0,6.774784e-07
synthetic_beard_shadow,1,0.60420525
synthetic_beard_shadow,0,9.862383e-13
synthetic_beard_shadow,1,0.57273364
synthetic_beard_shadow,0,9.690778e-09
synthetic_beard_shadow,0,5.8405305e-07
synthetic_beard_shadow,1,0.931727
synthetic_beard_shadow,0,2.9256693e-05
synthetic_beard_shadow,1,0.6923473
synthetic_beard_shadow,0,0.0010935372
synthetic_beard_shadow,1,0.43136945
synthetic_beard_shadow,1,0.6756978
synthetic_beard_shadow,0,6.184718e-10
synthetic_beard_shadow,0,1.1355052e-05
synthetic_beard_shadow,1,0.5094286
synthetic_beard_shadow,1,0.7704011
synthetic_beard_shadow,1,0.77409005
synthetic_beard_shadow,0,3.7328758e-11
synthetic_beard_shadow,1,0.99785167
synthetic_beard_shadow,1,0.9946594
synthetic_beard_shadow,0,9.426913e-07
synthetic_beard_shadow,1,0.67988837
synthetic_beard_shadow,0,2.1231264e-05
synthetic_beard_shadow,0,1.4147058e-12
synthetic_beard_shadow,0,9.70025e-06
synthetic_beard_shadow,1,0.7028659
synthetic_beard_shadow,1,0.46695387
synthetic_beard_shadow,0,4.1022753e-07
synthetic_beard_shadow,0,4.4141183e-05
synthetic_beard_shadow,1,0.6070862
synthetic_beard_shadow,1,0.5680031
synthetic_beard_shadow,1,0.24244975
synthetic_beard_shadow,1,0.783237
synthetic_beard_shadow,1,0.68510294
synthetic_beard_shadow,1,0.38822374
synthetic_beard_shadow,0,7.0604865e-06
synthetic_beard_shadow,0,0.00054032047
synthetic_beard_shadow,0,5.214967e-05
synthetic_beard_shadow,0,1.7821536e-10
synthetic_beard_shadow,1,0.73604965
synthetic_beard_shadow,1,0.828676
synthetic_beard_shadow,1,0.47140607
synthetic_beard_shadow,0,2.6152973e-12
synthetic_beard_shadow,1,0.3441517
synthetic_beard_shadow,1,0.6108167
synthetic_beard_shadow,1,0.7410728
synthetic_beard_shadow,0,2.2540073e-08
synthetic_beard_shadow,0,5.0781446e-09
synthetic_beard_shadow,1,0.45114192
synthetic_beard_shadow,0,1.8428672e-11
synthetic_beard_shadow,0,0.00022252454
synthetic_beard_shadow,1,0.7024405
synthetic_beard_shadow,1,0.24377587
synthetic_beard_shadow,0,1.2034778e-14
synthetic_beard_shadow,1,0.715379
synthetic_beard_shadow,1,0.45156085
synthetic_beard_shadow,0,1.4850889e-09
synthetic_beard_shadow,0,6.601301e-10
synthetic_beard_shadow,0,0.6480646
synthetic_beard_shadow,0,1.2054208e-11
synthetic_beard_shadow,1,0.97471523
synthetic_beard_shadow,1,0.8392359
synthetic_beard_shadow,1,0.13997635
synthetic_beard_shadow,1,0.119520664
synthetic_beard_shadow,1,0.9968666
synthetic_beard_shadow,0,2.9517178e-05
synthetic_beard_shadow,1,0.59617835
synthetic_beard_shadow,0,2.2580808e-09
synthetic_beard_shadow,1,0.13090143
synthetic_beard_shadow,1,0.9903659
synthetic_beard_shadow,1,0.6941142
synthetic_beard_shadow,0,4.3669576e-07
synthetic_beard_shadow,1,0.05609436
synthetic_beard_shadow,1,0.8551988
synthetic_beard_shadow,1,0.27135286
synthetic_beard_shadow,0,4.167042e-06
synthetic_beard_shadow,1,0.86558586
synthetic_beard_shadow,0,0.0033754588
synthetic_beard_shadow,0,2.7836597e-07
synthetic_beard_shadow,1,0.57197416
synthetic_beard_shadow,0,4.8902514e-08
synthetic_beard_shadow,0,0.0053131506
synthetic_beard_shadow,0,1.546696e-05
synthetic_beard_shadow,0,2.547058e-10
synthetic_beard_shadow,0,3.2065e-08
synthetic_beard_shadow,1,0.8068671
synthetic_beard_shadow,1,0.6315617
synthetic_beard_shadow,1,0.6620079
synthetic_beard_shadow,0,4.078847e-09
synthetic_beard_shadow,1,0.98259205
synthetic_beard_shadow,1,0.6133457
synthetic_beard_shadow,0,5.5126862e-12
synthetic_beard_shadow,1,0.9454234
synthetic_beard_shadow,0,0.9968115
synthetic_beard_shadow,0,0.004433731
synthetic_beard_shadow,0,2.2634064e-09
synthetic_beard_shadow,0,1.2456151e-07
synthetic_beard_shadow,1,0.5391128
